"","variable","relative_importance","scaled_importance","percentage"
"1","VAR_0274",1371.22082519531,1,0.130746958700306
"2","VAR_0237",736.819702148438,0.537345764161281,0.0702563244345791
"3","VAR_0795",628.814086914062,0.45857973811366,0.0599579060799436
"4","VAR_0342",551.519226074219,0.402210363159896,0.0525877817409018
"5","VAR_0105",450.08349609375,0.328235604232193,0.0429158069905164
"6","VAR_0070",393.341033935547,0.286854623783533,0.0375053696488173
"7","VAR_1329",322.656585693359,0.235306071614979,0.0307655532273749
"8","VAR_0087",317.625549316406,0.231637051801022,0.0302858400452887
"9","VAR_1127",317.315551757812,0.231410977668469,0.0302562815400167
"10","VAR_0080",225.395065307617,0.164375468317083,0.0214915925673971
"11","VAR_0088",224.964416503906,0.164061405989705,0.02145052987325
"12","VAR_0886",179.829849243164,0.131145797918836,0.0171469142242127
"13","VAR_0707",174.374526977539,0.127167356105973,0.0166267450568148
"14","VAR_0015",148.016860961914,0.107945312849833,0.0141135213610687
"15","VAR_0540",140.658111572266,0.102578745150133,0.0134118589556737
"16","VAR_0758",128.314346313477,0.0935767193407377,0.0122348714589535
"17","VAR_1747",116.705047607422,0.0851103231974316,0.0111279159120642
"18","VAR_1791",113.449447631836,0.0827360885623047,0.0108174919542805
"19","VAR_1114",111.172065734863,0.0810752460086276,0.0106003418415071
"20","VAR_0505",108.798431396484,0.0793442087498835,0.0103740139845294
"21","VAR_0969",102.061424255371,0.074431063458239,0.00973163517999419
"22","VAR_0006",101.633964538574,0.0741193268590402,0.00969087656773338
"23","VAR_0716",100.680961608887,0.0734243236092524,0.00960000700653679
"24","VAR_1100",88.6965408325195,0.0646843595158248,0.00845728328217126
"25","VAR_0970",82.490608215332,0.0601585147334546,0.00786554284132672
"26","VAR_1934",78.9198303222656,0.0575544280484688,0.00752506642707286
"27","VAR_0078",73.0004119873047,0.0532375315820533,0.00696064534306494
"28","VAR_0085",65.9710159301758,0.0481111537383332,0.0062903870308499
"29","VAR_1110",64.4126205444336,0.0469746516103698,0.00614179283406226
"30","VAR_0137",61.3139724731445,0.0447148784109308,0.00584633436088315
"31","VAR_1398",60.8634872436523,0.0443863498317152,0.00580338024830458
"32","VAR_0005",58.2374839782715,0.0424712656839764,0.00555298882033257
"33","VAR_0816",55.2171058654785,0.0402685729759199,0.00526499344780284
"34","VAR_1823",54.7939529418945,0.0399599772225526,0.00522464549158224
"35","VAR_1015",43.7411460876465,0.0318994178646726,0.00417075187011614
"36","VAR_1750",43.2840042114258,0.0315660347451772,0.00412716304116009
"37","VAR_0631",43.0931015014648,0.0314268137630763,0.00410896032116313
"38","VAR_1042",41.9024200439453,0.0305584769965675,0.00399542792981445
"39","VAR_0881",40.7012825012207,0.0296825148461579,0.00388089854271181
"40","VAR_1380",37.5718879699707,0.0274003189563717,0.00358250837096392
"41","VAR_0613",37.5248603820801,0.0273660228116322,0.0035780242543441
"42","VAR_0004",36.5048751831055,0.0266221709241513,0.00348076788233249
"43","VAR_1041",36.0578231811523,0.0262961461192922,0.0034381411306363
"44","VAR_0722",33.9095497131348,0.0247294593912726,0.0032333016057116
"45","VAR_1832",33.0577354431152,0.0241082507176819,0.00315208046092137
"46","VAR_0503",31.990894317627,0.0233302278741794,0.00305035634033405
"47","VAR_0104",31.5660247802734,0.023020380233634,0.00300984470367227
"48","VAR_1744",31.1991004943848,0.0227527907402813,0.00297485819123625
"49","VAR_0086",30.7563514709473,0.0224299039992821,0.00293264173184596
"50","VAR_1399",29.9860515594482,0.0218681418838407,0.00285919304373894
"51","VAR_0175",29.0573043823242,0.0211908277998807,0.00277063628717629
"52","VAR_0579",28.941707611084,0.0211065257173013,0.00275961404626693
"53","VAR_1573",27.8024482727051,0.0202756899267082,0.00265098479346752
"54","VAR_0656",26.7479629516602,0.0195066778889172,0.00255043880832242
"55","VAR_1029",26.6164360046387,0.0194107582933241,0.00253789761291886
"56","VAR_0880",26.3815956115723,0.0192394945634045,0.0025155054010962
"57","VAR_1407",26.2439651489258,0.0191391238134001,0.00250238223079066
"58","VAR_1400",25.9675788879395,0.0189375616317968,0.00247602858855702
"59","VAR_0136",25.1068305969238,0.0183098375809365,0.002393955578004
"60","VAR_0896",24.9630107879639,0.0182049530821618,0.00238024224877441
"61","VAR_0740",24.5069999694824,0.0178723948172182,0.00233676126704239
"62","VAR_0806",24.3875942230225,0.017785314936089,0.00232537583742075
"63","VAR_1828",24.3758125305176,0.0177767228170893,0.00232425244399276
"64","VAR_1358",24.0907077789307,0.0175688024396065,0.00229706748698506
"65","VAR_0224",23.577075958252,0.0171942224950483,0.00224809229844395
"66","VAR_1124",23.5162124633789,0.0171498361396527,0.00224228891746817
"67","VAR_1150",22.579475402832,0.0164666952163711,0.00215297031938539
"68","VAR_1576",22.2090854644775,0.0161965783019042,0.00211765335432533
"69","VAR_0860",20.8154220581055,0.0151802114405173,0.00198476647827522
"70","VAR_0003",20.3952102661133,0.014873760587182,0.00194469896121052
"71","VAR_1566",19.2517185211182,0.0140398381992018,0.00183566614519001
"72","VAR_1512",18.9793338775635,0.0138411943057094,0.00180969406025149
"73","VAR_1406",18.9651908874512,0.0138308801463468,0.00180834551528329
"74","VAR_1387",17.6407051086426,0.0128649629472553,0.00168205477914575
"75","VAR_1826",17.3491249084473,0.0126523201731392,0.00165425238314048
"76","VAR_1389",17.184741973877,0.0125324394569556,0.00163857834409265
"77","VAR_1743",17.1490325927734,0.0125063974216777,0.0016351734271817
"78","VAR_1126",16.9660873413086,0.0123729796321406,0.00161772945696321
"79","VAR_0898",16.3370723724365,0.0119142533954074,0.0015577523966343
"80","VAR_0921",15.0461349487305,0.010972802244735,0.00143466052191898
"81","VAR_1024",14.8709735870361,0.0108450610680581,0.00141795875156768
"82","VAR_1792",14.6962718963623,0.0107176551189478,0.00140130081120118
"83","VAR_0560",14.6124954223633,0.0106565588516947,0.00139331266006991
"84","VAR_0778",14.21510887146,0.0103667539248722,0.00135542154727149
"85","VAR_1567",14.1009387969971,0.0102834922996364,0.00134453534299547
"86","VAR_0200",13.9130716323853,0.0101464850713622,0.00132662206457867
"87","VAR_1561",13.6195592880249,0.00993243322867779,0.00129863543714348
"88","VAR_0719",13.4277591705322,0.00979255778777982,0.0012803471486492
"89","VAR_1397",13.0219268798828,0.00949659357604054,0.00124165072808016
"90","VAR_1132",12.7805681228638,0.00932057615230818,0.00121863698524889
"91","VAR_1120",12.747465133667,0.00929643489906251,0.0012154805898078
"92","VAR_0687",12.3966398239136,0.00904058602096262,0.00118202912710936
"93","VAR_0134",12.3513221740723,0.00900753689495124,0.00117770805439567
"94","VAR_1103",12.0612449645996,0.00879599021760893,0.00115004896971001
"95","VAR_0054",12.0279550552368,0.00877171264775941,0.00114687475128755
"96","VAR_1148",11.9360837936401,0.00870471303696835,0.00113811475594251
"97","VAR_0154",11.6710987091064,0.00851146547270681,0.00111284822463907
"98","VAR_0075",11.6670236587524,0.00850849363164436,0.00111245966545842
"99","VAR_0587",11.6187162399292,0.0084732641354643,0.00110785351597633
"100","VAR_0174",11.4846658706665,0.00837550426571932,0.00109507171032424
"101","VAR_1386",11.3871612548828,0.00830439637850516,0.00108577457033138
"102","VAR_0611",11.2258644104004,0.00818676627727078,0.00107039479234338
"103","VAR_0299",11.1558876037598,0.00813573379194467,0.00106372245009207
"104","VAR_1564",11.0895862579346,0.00808738173616566,0.00105740056585206
"105","VAR_0231",10.9709348678589,0.00800085198990193,0.00104608706469097
"106","VAR_1571",10.9395275115967,0.00797794732299117,0.00104309234915234
"107","VAR_0361",10.7999467849731,0.00787615429005378,0.0010297832196789
"108","VAR_0926",10.703519821167,0.00780583230979038,0.00102058883462967
"109","VAR_0822",10.5711116790771,0.0077092700787792,0.00100796361659965
"110","VAR_1121",10.4921989440918,0.00765172082519774,0.0010004392267184
"111","VAR_1456",10.4436674118042,0.00761632788819163,0.000995811707845377
"112","VAR_0837",10.3399238586426,0.00754067008657762,0.000985919680382394
"113","VAR_0358",10.0691089630127,0.00734317097436037,0.000960097272113978
"114","VAR_0081",9.99030876159668,0.00728570378893837,0.000952583612394984
"115","VAR_0836",9.79103851318359,0.00714038055233663,0.000933583041180822
"116","VAR_0877",9.50011730194092,0.00692821836379837,0.000905843480278244
"117","VAR_0128",9.4745512008667,0.00690957359075784,0.000903405732907537
"118","VAR_1842",9.4440803527832,0.00688735189785206,0.000900500314142934
"119","VAR_0651",9.31673717498779,0.00679448342950943,0.00088835804434798
"120","VAR_1401",9.13810920715332,0.00666421413622544,0.000871325730439061
"121","VAR_1057",9.06464862823486,0.00661064101542049,0.000864321207825729
"122","VAR_1820",9.04551219940186,0.00659668525535516,0.000862496534640836
"123","VAR_1565",8.97097492218018,0.00654232692309233,0.00085538934801745
"124","VAR_0133",8.87681865692139,0.00647366091136852,0.000846411475818483
"125","VAR_1403",8.86416053771973,0.00646442963441511,0.000845204514431904
"126","VAR_0242",8.70461177825928,0.00634807437162386,0.000829991417693172
"127","VAR_0504",8.65911293029785,0.00631489310196589,0.000825653067599578
"128","VAR_1128",8.51522827148438,0.00620996130967563,0.000811933554886654
"129","VAR_0918",8.43539428710938,0.0061517402099752,0.000804321323168636
"130","VAR_1125",8.37454414367676,0.00610736359147981,0.000798519215262961
"131","VAR_0227",8.15972709655762,0.00595070243000092,0.000778036244853139
"132","VAR_1392",8.10882472991943,0.00591358049770316,0.000773182665104127
"133","VAR_1258",8.01991081237793,0.00584873761032298,0.000764704654785822
"134","VAR_1426",8.0083475112915,0.0058403047591921,0.000763602085147288
"135","VAR_1833",7.90935611724854,0.00576811259858306,0.000754163179705651
"136","VAR_1745",7.82789754867554,0.00570870672676704,0.000746396042636767
"137","VAR_0480",7.72117137908936,0.00563087377118093,0.000736219620407227
"138","VAR_1327",7.60198926925659,0.00554395698313128,0.000724855514709736
"139","VAR_1332",7.47424125671387,0.00545079327806246,0.000712674643610736
"140","VAR_0198",7.41388845443726,0.00540677935910231,0.000706919957566215
"141","VAR_0686",7.36651849746704,0.00537223353242012,0.00070240319579173
"142","VAR_0135",7.19525623321533,0.00524733587836989,0.00068607320737586
"143","VAR_0810",7.14549493789673,0.00521104610329919,0.000681328429653447
"144","VAR_1337",7.09429931640625,0.00517371030694182,0.000676446887829067
"145","VAR_1122",7.0247106552124,0.00512296088721656,0.000669811555544184
"146","VAR_1749",6.96675205230713,0.00508069300312355,0.000664285158248327
"147","VAR_0720",6.92690467834473,0.00505163322425334,0.000660485680540543
"148","VAR_1259",6.81768131256104,0.0049719791205694,0.000650071148735869
"149","VAR_1073",6.75905275344849,0.00492922265273046,0.00064448087060116
"150","VAR_1368",6.71717071533203,0.00489867903980765,0.000640487386103784
"151","VAR_0434",6.66940069198608,0.00486384145386365,0.000635932477693145
"152","VAR_0077",6.66839122772217,0.00486310527465359,0.000635836224500371
"153","VAR_1058",6.60156345367432,0.00481436930680659,0.00062946414492506
"154","VAR_0626",6.58768367767334,0.00480424710347803,0.000628140697624505
"155","VAR_1328",6.52281665802002,0.00475694106898568,0.000621955577486458
"156","VAR_1359",6.50236082077026,0.00474202309452534,0.0006200050976958
"157","VAR_0473",6.49099826812744,0.00473373664464503,0.000618921669575526
"158","VAR_1043",6.48023748397827,0.00472588905076996,0.000617895620543246
"159","VAR_0800",6.47935676574707,0.00472524676309826,0.00061781164338356
"160","VAR_1174",6.43120002746582,0.00469012715479272,0.000613219861406866
"161","VAR_1107",6.33224678039551,0.00461796281389875,0.000603784593308366
"162","VAR_0680",6.32450580596924,0.00461231749821798,0.000603046485452203
"163","VAR_1572",6.24304580688477,0.00455291058316265,0.000595279211982952
"164","VAR_1394",6.22219085693359,0.00453770154493338,0.000593290676489717
"165","VAR_0971",6.12541007995605,0.00446712153681269,0.000584062555082895
"166","VAR_1052",5.96396160125732,0.0043493808522109,0.000568668318655919
"167","VAR_0002",5.78371524810791,0.00421793130751504,0.000551481690464394
"168","VAR_1869",5.7796516418457,0.00421496781236711,0.000551094222486679
"169","VAR_0751",5.65422391891479,0.00412349624146747,0.000539134592784013
"170","VAR_1551",5.58848762512207,0.00407555626521794,0.000532866586689222
"171","VAR_0089",5.55962705612183,0.0040545089120346,0.000530114709271808
"172","VAR_1335",5.53702878952026,0.00403802851282658,0.000527959947197193
"173","VAR_0905",5.50565814971924,0.00401515062239157,0.000524968732601336
"174","VAR_0142",5.45498466491699,0.00397819560838423,0.00052013697691115
"175","VAR_1751",5.41505289077759,0.00394907427839443,0.000516329451581675
"176","VAR_0630",5.35853481292725,0.00390785693629178,0.000510940409456045
"177","VAR_0514",5.19336032867432,0.00378739896102044,0.00049519089553812
"178","VAR_0109",5.17877197265625,0.00377676000648444,0.000493799884588787
"179","VAR_1515",5.119957447052,0.00373386791753453,0.000488191874406283
"180","VAR_1548",4.94313049316406,0.00360491206254833,0.00047133128856024
"181","VAR_0419",4.92710447311401,0.0035932246525006,0.000469803195241416
"182","VAR_1266",4.91657829284668,0.00358554814987322,0.000468799515869431
"183","VAR_0173",4.90159225463867,0.00357461917480761,0.00046737058561789
"184","VAR_0144",4.86556529998779,0.00354834554040175,0.000463935387825321
"185","VAR_0580",4.86304092407227,0.00354650457075693,0.000463694686643201
"186","VAR_0766",4.8554892539978,0.0035409973104122,0.000462974629102357
"187","VAR_0034",4.85293483734131,0.00353913443274177,0.000462731063512517
"188","VAR_0146",4.79649877548218,0.00349797690302653,0.000457349841674632
"189","VAR_0359",4.78023815155029,0.00348611840173111,0.000455799378695512
"190","VAR_0016",4.76411819458008,0.00347436248563501,0.000454262328419212
"191","VAR_1116",4.73885440826416,0.00345593818383642,0.000451853406992869
"192","VAR_0692",4.73219633102417,0.00345108260031723,0.000451218554215019
"193","VAR_1112",4.72587823867798,0.0034464749600086,0.000450616119257882
"194","VAR_1388",4.70402526855469,0.00343053808848379,0.000448532421774815
"195","VAR_1899",4.68991947174072,0.00342025105334344,0.000447187423216171
"196","VAR_1818",4.62902641296387,0.0033758431376686,0.000441381223299466
"197","VAR_0814",4.59719181060791,0.00335262688994904,0.0004383457695177
"198","VAR_0614",4.58665037155151,0.00334493925943562,0.00043734063520846
"199","VAR_0266",4.56049585342407,0.00332586536729012,0.000434846781819858
"200","VAR_0824",4.54099988937378,0.00331164740641025,0.000432987826675895
"201","VAR_1516",4.48714256286621,0.00327237048943381,0.0004278524892341
"202","VAR_0129",4.47779893875122,0.00326555639797362,0.000426961567499376
"203","VAR_0300",4.44925498962402,0.00324473994842536,0.000424239880030003
"204","VAR_0405",4.43659639358521,0.00323550832372552,0.000423032873176635
"205","VAR_0014",4.39701461791992,0.00320664223962149,0.000419258720470446
"206","VAR_0964",4.38305234909058,0.00319645987615909,0.000417927407415357
"207","VAR_1222",4.37711048126221,0.00319212660779036,0.000417360845754912
"208","VAR_0559",4.21872901916504,0.00307662262828027,0.000402259051716186
"209","VAR_1898",4.18537139892578,0.0030522956784365,0.000399078377009658
"210","VAR_0120",4.13453245162964,0.00301521999641504,0.000394230844343613
"211","VAR_1232",4.13119411468506,0.0030127854235999,0.000393912531352298
"212","VAR_0305",4.12751817703247,0.00301010464630637,0.000393562027874217
"213","VAR_0206",4.08214426040649,0.00297701448621526,0.000389235590079399
"214","VAR_0060",4.07693195343018,0.00297321326989726,0.000388738592606458
"215","VAR_0322",4.06085920333862,0.00296149178069857,0.00038720604354229
"216","VAR_1022",4.0549430847168,0.0029571772906375,0.000386641937088463
"217","VAR_0753",3.97244501113892,0.00289701333158581,0.000378775682419085
"218","VAR_1098",3.94348454475403,0.00287589312552362,0.00037601427970933
"219","VAR_0118",3.88826036453247,0.00283561939338154,0.000370748611716242
"220","VAR_1108",3.8378529548645,0.00279885842188682,0.000365942226494439
"221","VAR_0710",3.78347754478455,0.00275920367840507,0.000360757489386159
"222","VAR_1619",3.73956942558289,0.00272718249086556,0.000356570816501396
"223","VAR_1821",3.71769952774048,0.00271123327434218,0.000354485504947312
"224","VAR_0723",3.69396901130676,0.00269392715121622,0.000352222781981699
"225","VAR_1518",3.66882658004761,0.00267559135088619,0.000349825431853212
"226","VAR_1409",3.6596245765686,0.00266888054011821,0.000348948013754885
"227","VAR_1509",3.6564462184906,0.00266656263623314,0.000348644954871353
"228","VAR_1535",3.60613536834717,0.0026298720833922,0.000343847776674367
"229","VAR_0217",3.59833478927612,0.00262418329940663,0.000343103985469551
"230","VAR_1154",3.59756207466125,0.00262361977630323,0.000343030306537623
"231","VAR_1031",3.57220721244812,0.0026051290549349,0.00034061270095454
"232","VAR_0283",3.56413149833679,0.00259923962125439,0.000339842675412345
"233","VAR_0997",3.54614472389221,0.00258612227785201,0.000338127622656257
"234","VAR_1211",3.51546764373779,0.00256375018461163,0.000335202539505317
"235","VAR_0636",3.50050139427185,0.00255283564102321,0.00033377549612553
"236","VAR_1286",3.48468375205994,0.00254130019616905,0.000332267271793593
"237","VAR_1164",3.47602462768555,0.00253498529472117,0.000331441617634791
"238","VAR_0555",3.46141791343689,0.0025243329519473,0.000330048856214073
"239","VAR_0084",3.40561962127686,0.0024836405330934,0.000324728446206767
"240","VAR_0901",3.36361336708069,0.00245300633222339,0.0003207231176108
"241","VAR_0295",3.3459632396698,0.00244013449780652,0.000319040164407899
"242","VAR_1632",3.33225035667419,0.0024301340057314,0.000317732630483571
"243","VAR_1538",3.29773926734924,0.00240496585725317,0.000314441971613925
"244","VAR_0234",3.27506351470947,0.00238842894924892,0.000312279821186062
"245","VAR_1037",3.26316571235657,0.00237975215399152,0.000311145356594892
"246","VAR_1773",3.256183385849,0.00237466010289422,0.000310479586400374
"247","VAR_1336",3.25598430633545,0.00237451491875619,0.000310460604015876
"248","VAR_0884",3.20029282569885,0.0023339003951045,0.000305150378569354
"249","VAR_1534",3.19358658790588,0.00232900968919503,0.000304510933645794
"250","VAR_0575",3.17328333854675,0.00231420299359497,0.000302575003227685
"251","VAR_0265",3.16973376274109,0.00231161436910762,0.000302236548448747
"252","VAR_0506",3.1530647277832,0.00229945802298772,0.000300647143164662
"253","VAR_1077",3.14284062385559,0.00229200181772905,0.000299672267003646
"254","VAR_1537",3.13481068611145,0.00228614576770663,0.000298906606273217
"255","VAR_0353",3.11842608451843,0.00227419685233723,0.0002973443219289
"256","VAR_1099",3.10784506797791,0.00226648035886943,0.000296335413876155
"257","VAR_1645",3.09020233154297,0.00225361391452235,0.000294653165408487
"258","VAR_0854",3.08783483505249,0.00225188735345576,0.00029442742280002
"259","VAR_1277",3.08680772781372,0.00225113830762747,0.000294329487336045
"260","VAR_0688",3.08369636535645,0.002248869262117,0.000294032816536398
"261","VAR_1803",3.03109169006348,0.0022105058750342,0.000289016920349879
"262","VAR_1027",3.02307772636414,0.00220466147451745,0.000288252782756888
"263","VAR_1106",3.01324343681335,0.00219748955197217,0.000287315075696058
"264","VAR_1541",3.00580930709839,0.0021920680111245,0.000286606225718756
"265","VAR_1539",3.00408029556274,0.00219080708253891,0.000286441363141052
"266","VAR_1830",2.93211436271667,0.00213832397294508,0.000279579356178524
"267","VAR_1532",2.91402411460876,0.00212513116856557,0.000277854437129175
"268","VAR_0942",2.9084095954895,0.00212103662812679,0.000277319088419529
"269","VAR_1763",2.88993048667908,0.00210756023652678,0.000275557091203573
"270","VAR_0853",2.87642765045166,0.00209771292675777,0.000274269585399895
"271","VAR_0152",2.87275505065918,0.00209503458368931,0.000273919400189339
"272","VAR_1083",2.85441637039185,0.00208166060341541,0.000272170792942807
"273","VAR_0069",2.81619668006897,0.00205378785701263,0.000268526516120019
"274","VAR_0941",2.77728700637817,0.00202541192151351,0.000264816448853233
"275","VAR_0900",2.77050280570984,0.00202046435906136,0.000264169570109635
"276","VAR_1079",2.7674252986908,0.00201822000354802,0.000263876127452023
"277","VAR_0427",2.75862812995911,0.00201180442950622,0.000263037310657742
"278","VAR_0296",2.75487661361694,0.00200906853440222,0.00026267960069357
"279","VAR_1244",2.74190902709961,0.00199961157001029,0.000261443131360789
"280","VAR_0699",2.72962236404419,0.00199065118753239,0.000260271588603011
"281","VAR_1505",2.71223711967468,0.00197797252626203,0.000258613892201521
"282","VAR_0324",2.67954874038696,0.00195413363854454,0.000255497030133661
"283","VAR_1423",2.67750859260559,0.0019526458054079,0.000255302500475992
"284","VAR_0622",2.67375111579895,0.00194990556347342,0.000254944222176955
"285","VAR_1033",2.66021585464478,0.0019400346069466,0.00025365362463161
"286","VAR_1819",2.65884208679199,0.0019390327494576,0.000253522634811873
"287","VAR_0187",2.65491271018982,0.00193616714493208,0.000253147965735323
"288","VAR_1558",2.65264177322388,0.00193451100251926,0.000252931430151673
"289","VAR_0410",2.64558982849121,0.00192936818044197,0.000252259021805929
"290","VAR_1522",2.57652378082275,0.00187899989081318,0.00024567352112203
"291","VAR_1334",2.5588014125824,0.00186607537281089,0.000243983679700563
"292","VAR_0629",2.5435962677002,0.00185498660825684,0.000242533857459377
"293","VAR_1048",2.54078555107117,0.00185293681687577,0.000242265853470332
"294","VAR_0341",2.51306200027466,0.00183271866507476,0.000239622391611808
"295","VAR_1102",2.47930598258972,0.00180810117308171,0.000236403729402889
"296","VAR_1546",2.46609258651733,0.0017984649454008,0.000235143821940266
"297","VAR_0543",2.45035099983215,0.00178698496610357,0.00023364284956121
"298","VAR_0515",2.43761086463928,0.00177769387676276,0.000232428067886886
"299","VAR_1007",2.40819334983826,0.00175624035573938,0.000229623085259666
"300","VAR_1913",2.40429639816284,0.00175339839797166,0.000229251507924783
"301","VAR_0922",2.40080404281616,0.00175085150305692,0.000228918509160551
"302","VAR_0072",2.39343547821045,0.00174547777734453,0.000228215910866767
"303","VAR_0052",2.38486099243164,0.00173922460088947,0.00022739832706305
"304","VAR_0511",2.35817360877991,0.00171976210209907,0.000224853664537497
"305","VAR_0279",2.34798979759216,0.00171233528141445,0.000223882630320171
"306","VAR_0730",2.33505296707153,0.0017029007466678,0.000222649093595294
"307","VAR_0875",2.32133769989014,0.00169289851586049,0.00022134133233702
"308","VAR_0591",2.31553530693054,0.00168866696332498,0.000220788069712422
"309","VAR_1906",2.31129288673401,0.00168557306326266,0.00022038355168875
"310","VAR_0309",2.29001665115356,0.00167005679105507,0.000218354846287242
"311","VAR_0325",2.28890371322632,0.00166924515086787,0.000218248726801207
"312","VAR_1129",2.28695487976074,0.00166782391117419,0.000218062904033674
"313","VAR_1206",2.27474355697632,0.00165891847263355,0.000216898545028592
"314","VAR_0892",2.27410459518433,0.00165845249240611,0.00021683761953104
"315","VAR_1333",2.26196098327637,0.00164959643385972,0.000215679716810028
"316","VAR_0561",2.24183130264282,0.00163491631796323,0.000213760336303194
"317","VAR_0693",2.22693467140198,0.00162405254535482,0.000212339931074632
"318","VAR_1003",2.22038578987122,0.00161927659577001,0.000211715490191513
"319","VAR_1119",2.20725893974304,0.00160970348406767,0.000210463834951134
"320","VAR_0823",2.20226263999939,0.00160605979688626,0.000209987433933709
"321","VAR_1178",2.20202732086182,0.00160588818401891,0.00020996499607323
"322","VAR_1006",2.20119190216064,0.00160527893225886,0.00020988533825852
"323","VAR_0534",2.19687175750732,0.00160212834952708,0.000209473409148206
"324","VAR_0119",2.19498801231384,0.00160075457722223,0.0002092937925974
"325","VAR_1829",2.18935084342957,0.00159664351882763,0.000208756284215266
"326","VAR_1395",2.18757915496826,0.0015953514669358,0.000208587352359927
"327","VAR_1514",2.18274664878845,0.00159182723065597,0.000208126569184598
"328","VAR_0996",2.15077877044678,0.00156851378780688,0.000205078407435246
"329","VAR_0354",2.14967489242554,0.00156770875480202,0.000204973151818207
"330","VAR_0110",2.12755036354065,0.00155157384168054,0.00020286356099868
"331","VAR_1921",2.1206431388855,0.00154653656064729,0.000202204951823464
"332","VAR_0164",2.1107177734375,0.00153929821853227,0.000201258560605893
"333","VAR_0787",2.10958337783813,0.00153847092975535,0.000201150395114344
"334","VAR_0902",2.09756541252136,0.00152970650239548,0.00020000447289229
"335","VAR_0280",2.09620594978333,0.00152871507729964,0.00019987484707623
"336","VAR_0612",2.0028977394104,0.0014606675326165,0.000190977837561887
"337","VAR_0074",2.00114369392395,0.0014593883473429,0.000190810587977749
"338","VAR_0313",1.95124053955078,0.00142299511770677,0.000186052283885544
"339","VAR_1405",1.90795361995697,0.00139142695683987,0.000181924842860434
"340","VAR_0209",1.88289964199066,0.00137315566347417,0.000179535926821347
"341","VAR_0481",1.87646508216858,0.00136846308609797,0.000178922386600944
"342","VAR_0621",1.87181031703949,0.00136506847230305,0.000178478551171296
"343","VAR_0092",1.85541474819183,0.00135311155876557,0.000176915221090827
"344","VAR_0550",1.83959543704987,0.00134157489679887,0.000175406837625129
"345","VAR_1817",1.82539439201355,0.00133121839930745,0.000174052757075339
"346","VAR_0282",1.82500839233398,0.00133093689856558,0.000174015951709467
"347","VAR_1879",1.80708181858063,0.00131786345815105,0.000172306639135517
"348","VAR_0899",1.72761940956116,0.00125991333986273,0.000164729837412997
"349","VAR_0742",1.5960111618042,0.00116393445350195,0.000152180889921882
"350","VAR_0208",1.41302073001862,0.00103048371498978,0.000134732611725106
"351","VAR_1115",1.40469813346863,0.00102441423559079,0.000133939045752794
"352","VAR_0691",1.36362445354462,0.000994460139817659,0.00013002263882984
"353","VAR_0365",1.34246170520782,0.000979026631262407,0.000128004754524165
"354","VAR_0482",1.30734181404114,0.000953414497518971,0.000124656045931385
"355","VAR_0712",1.14622807502747,0.000835917930916926,0.00010929372719044
"356","VAR_0298",1.04599046707153,0.000762816934991157,9.97359942951825e-05
"357","VAR_0323",0.965511977672577,0.000704125812510944,9.20623085281875e-05
"358","VAR_0071",0.890307188034058,0.000649280678702677,8.48914740832453e-05
"359","VAR_0754",0.723014235496521,0.000527277752942191,6.89399625875225e-05
"360","VAR_0288",0.72101765871048,0.000525821695136362,6.87495874577185e-05
"361","VAR_0909",0.609207570552826,0.00044428115396078,5.80884096882342e-05
"362","VAR_1494",0.391047775745392,0.00028518220301219,3.72867057192969e-05
"363","VAR_0007",0.372978091239929,0.000272004395197836,3.55637474252331e-05
"364","VAR_1495",0.345208317041397,0.000251752533726453,3.29158781298298e-05
"365","VAR_0068",0.292374730110168,0.000213222206619071,2.78781550428117e-05
"366","VAR_1742",0.141743913292885,0.000103370595522202,1.35153909835673e-05
"367","VAR_0001",0,0,0
"368","VAR_0008",0,0,0
"369","VAR_0009",0,0,0
"370","VAR_0010",0,0,0
"371","VAR_0011",0,0,0
"372","VAR_0012",0,0,0
"373","VAR_0013",0,0,0
"374","VAR_0017",0,0,0
"375","VAR_0033",0,0,0
"376","VAR_0035",0,0,0
"377","VAR_0036",0,0,0
"378","VAR_0037",0,0,0
"379","VAR_0043",0,0,0
"380","VAR_0044",0,0,0
"381","VAR_0045",0,0,0
"382","VAR_0046",0,0,0
"383","VAR_0047",0,0,0
"384","VAR_0048",0,0,0
"385","VAR_0049",0,0,0
"386","VAR_0050",0,0,0
"387","VAR_0051",0,0,0
"388","VAR_0053",0,0,0
"389","VAR_0055",0,0,0
"390","VAR_0056",0,0,0
"391","VAR_0057",0,0,0
"392","VAR_0058",0,0,0
"393","VAR_0059",0,0,0
"394","VAR_0061",0,0,0
"395","VAR_0062",0,0,0
"396","VAR_0063",0,0,0
"397","VAR_0064",0,0,0
"398","VAR_0065",0,0,0
"399","VAR_0066",0,0,0
"400","VAR_0067",0,0,0
"401","VAR_0076",0,0,0
"402","VAR_0079",0,0,0
"403","VAR_0082",0,0,0
"404","VAR_0083",0,0,0
"405","VAR_0090",0,0,0
"406","VAR_0091",0,0,0
"407","VAR_0093",0,0,0
"408","VAR_0094",0,0,0
"409","VAR_0095",0,0,0
"410","VAR_0096",0,0,0
"411","VAR_0097",0,0,0
"412","VAR_0098",0,0,0
"413","VAR_0099",0,0,0
"414","VAR_0100",0,0,0
"415","VAR_0101",0,0,0
"416","VAR_0102",0,0,0
"417","VAR_0103",0,0,0
"418","VAR_0106",0,0,0
"419","VAR_0107",0,0,0
"420","VAR_0108",0,0,0
"421","VAR_0111",0,0,0
"422","VAR_0112",0,0,0
"423","VAR_0113",0,0,0
"424","VAR_0114",0,0,0
"425","VAR_0115",0,0,0
"426","VAR_0116",0,0,0
"427","VAR_0117",0,0,0
"428","VAR_0121",0,0,0
"429","VAR_0122",0,0,0
"430","VAR_0123",0,0,0
"431","VAR_0124",0,0,0
"432","VAR_0125",0,0,0
"433","VAR_0126",0,0,0
"434","VAR_0127",0,0,0
"435","VAR_0130",0,0,0
"436","VAR_0131",0,0,0
"437","VAR_0132",0,0,0
"438","VAR_0138",0,0,0
"439","VAR_0139",0,0,0
"440","VAR_0140",0,0,0
"441","VAR_0141",0,0,0
"442","VAR_0143",0,0,0
"443","VAR_0145",0,0,0
"444","VAR_0147",0,0,0
"445","VAR_0148",0,0,0
"446","VAR_0149",0,0,0
"447","VAR_0150",0,0,0
"448","VAR_0151",0,0,0
"449","VAR_0153",0,0,0
"450","VAR_0155",0,0,0
"451","VAR_0160",0,0,0
"452","VAR_0161",0,0,0
"453","VAR_0162",0,0,0
"454","VAR_0163",0,0,0
"455","VAR_0165",0,0,0
"456","VAR_0170",0,0,0
"457","VAR_0171",0,0,0
"458","VAR_0172",0,0,0
"459","VAR_0180",0,0,0
"460","VAR_0181",0,0,0
"461","VAR_0182",0,0,0
"462","VAR_0183",0,0,0
"463","VAR_0184",0,0,0
"464","VAR_0185",0,0,0
"465","VAR_0186",0,0,0
"466","VAR_0191",0,0,0
"467","VAR_0192",0,0,0
"468","VAR_0193",0,0,0
"469","VAR_0194",0,0,0
"470","VAR_0195",0,0,0
"471","VAR_0196",0,0,0
"472","VAR_0201",0,0,0
"473","VAR_0202",0,0,0
"474","VAR_0204",0,0,0
"475","VAR_0205",0,0,0
"476","VAR_0210",0,0,0
"477","VAR_0211",0,0,0
"478","VAR_0212",0,0,0
"479","VAR_0214",0,0,0
"480","VAR_0216",0,0,0
"481","VAR_0219",0,0,0
"482","VAR_0220",0,0,0
"483","VAR_0222",0,0,0
"484","VAR_0225",0,0,0
"485","VAR_0226",0,0,0
"486","VAR_0228",0,0,0
"487","VAR_0229",0,0,0
"488","VAR_0230",0,0,0
"489","VAR_0232",0,0,0
"490","VAR_0233",0,0,0
"491","VAR_0235",0,0,0
"492","VAR_0236",0,0,0
"493","VAR_0238",0,0,0
"494","VAR_0239",0,0,0
"495","VAR_0241",0,0,0
"496","VAR_0243",0,0,0
"497","VAR_0244",0,0,0
"498","VAR_0245",0,0,0
"499","VAR_0247",0,0,0
"500","VAR_0248",0,0,0
"501","VAR_0249",0,0,0
"502","VAR_0250",0,0,0
"503","VAR_0251",0,0,0
"504","VAR_0252",0,0,0
"505","VAR_0253",0,0,0
"506","VAR_0254",0,0,0
"507","VAR_0255",0,0,0
"508","VAR_0256",0,0,0
"509","VAR_0257",0,0,0
"510","VAR_0258",0,0,0
"511","VAR_0259",0,0,0
"512","VAR_0260",0,0,0
"513","VAR_0261",0,0,0
"514","VAR_0262",0,0,0
"515","VAR_0263",0,0,0
"516","VAR_0264",0,0,0
"517","VAR_0267",0,0,0
"518","VAR_0268",0,0,0
"519","VAR_0269",0,0,0
"520","VAR_0270",0,0,0
"521","VAR_0271",0,0,0
"522","VAR_0272",0,0,0
"523","VAR_0273",0,0,0
"524","VAR_0275",0,0,0
"525","VAR_0276",0,0,0
"526","VAR_0277",0,0,0
"527","VAR_0278",0,0,0
"528","VAR_0281",0,0,0
"529","VAR_0284",0,0,0
"530","VAR_0285",0,0,0
"531","VAR_0286",0,0,0
"532","VAR_0287",0,0,0
"533","VAR_0289",0,0,0
"534","VAR_0290",0,0,0
"535","VAR_0291",0,0,0
"536","VAR_0292",0,0,0
"537","VAR_0293",0,0,0
"538","VAR_0294",0,0,0
"539","VAR_0297",0,0,0
"540","VAR_0301",0,0,0
"541","VAR_0302",0,0,0
"542","VAR_0303",0,0,0
"543","VAR_0304",0,0,0
"544","VAR_0306",0,0,0
"545","VAR_0307",0,0,0
"546","VAR_0308",0,0,0
"547","VAR_0310",0,0,0
"548","VAR_0311",0,0,0
"549","VAR_0312",0,0,0
"550","VAR_0314",0,0,0
"551","VAR_0315",0,0,0
"552","VAR_0316",0,0,0
"553","VAR_0317",0,0,0
"554","VAR_0318",0,0,0
"555","VAR_0319",0,0,0
"556","VAR_0320",0,0,0
"557","VAR_0321",0,0,0
"558","VAR_0326",0,0,0
"559","VAR_0327",0,0,0
"560","VAR_0328",0,0,0
"561","VAR_0329",0,0,0
"562","VAR_0330",0,0,0
"563","VAR_0331",0,0,0
"564","VAR_0332",0,0,0
"565","VAR_0333",0,0,0
"566","VAR_0334",0,0,0
"567","VAR_0335",0,0,0
"568","VAR_0336",0,0,0
"569","VAR_0337",0,0,0
"570","VAR_0338",0,0,0
"571","VAR_0339",0,0,0
"572","VAR_0340",0,0,0
"573","VAR_0343",0,0,0
"574","VAR_0344",0,0,0
"575","VAR_0345",0,0,0
"576","VAR_0346",0,0,0
"577","VAR_0347",0,0,0
"578","VAR_0348",0,0,0
"579","VAR_0349",0,0,0
"580","VAR_0350",0,0,0
"581","VAR_0351",0,0,0
"582","VAR_0352",0,0,0
"583","VAR_0355",0,0,0
"584","VAR_0356",0,0,0
"585","VAR_0357",0,0,0
"586","VAR_0360",0,0,0
"587","VAR_0362",0,0,0
"588","VAR_0363",0,0,0
"589","VAR_0364",0,0,0
"590","VAR_0366",0,0,0
"591","VAR_0367",0,0,0
"592","VAR_0368",0,0,0
"593","VAR_0369",0,0,0
"594","VAR_0370",0,0,0
"595","VAR_0371",0,0,0
"596","VAR_0372",0,0,0
"597","VAR_0373",0,0,0
"598","VAR_0374",0,0,0
"599","VAR_0375",0,0,0
"600","VAR_0376",0,0,0
"601","VAR_0377",0,0,0
"602","VAR_0378",0,0,0
"603","VAR_0379",0,0,0
"604","VAR_0380",0,0,0
"605","VAR_0381",0,0,0
"606","VAR_0382",0,0,0
"607","VAR_0383",0,0,0
"608","VAR_0384",0,0,0
"609","VAR_0385",0,0,0
"610","VAR_0386",0,0,0
"611","VAR_0387",0,0,0
"612","VAR_0388",0,0,0
"613","VAR_0389",0,0,0
"614","VAR_0390",0,0,0
"615","VAR_0391",0,0,0
"616","VAR_0392",0,0,0
"617","VAR_0393",0,0,0
"618","VAR_0396",0,0,0
"619","VAR_0397",0,0,0
"620","VAR_0398",0,0,0
"621","VAR_0399",0,0,0
"622","VAR_0400",0,0,0
"623","VAR_0401",0,0,0
"624","VAR_0402",0,0,0
"625","VAR_0403",0,0,0
"626","VAR_0404",0,0,0
"627","VAR_0406",0,0,0
"628","VAR_0407",0,0,0
"629","VAR_0408",0,0,0
"630","VAR_0409",0,0,0
"631","VAR_0411",0,0,0
"632","VAR_0412",0,0,0
"633","VAR_0413",0,0,0
"634","VAR_0414",0,0,0
"635","VAR_0415",0,0,0
"636","VAR_0416",0,0,0
"637","VAR_0417",0,0,0
"638","VAR_0418",0,0,0
"639","VAR_0420",0,0,0
"640","VAR_0421",0,0,0
"641","VAR_0422",0,0,0
"642","VAR_0423",0,0,0
"643","VAR_0424",0,0,0
"644","VAR_0425",0,0,0
"645","VAR_0426",0,0,0
"646","VAR_0428",0,0,0
"647","VAR_0429",0,0,0
"648","VAR_0430",0,0,0
"649","VAR_0431",0,0,0
"650","VAR_0432",0,0,0
"651","VAR_0433",0,0,0
"652","VAR_0435",0,0,0
"653","VAR_0436",0,0,0
"654","VAR_0437",0,0,0
"655","VAR_0439",0,0,0
"656","VAR_0440",0,0,0
"657","VAR_0441",0,0,0
"658","VAR_0442",0,0,0
"659","VAR_0443",0,0,0
"660","VAR_0444",0,0,0
"661","VAR_0445",0,0,0
"662","VAR_0447",0,0,0
"663","VAR_0448",0,0,0
"664","VAR_0449",0,0,0
"665","VAR_0450",0,0,0
"666","VAR_0451",0,0,0
"667","VAR_0452",0,0,0
"668","VAR_0453",0,0,0
"669","VAR_0454",0,0,0
"670","VAR_0455",0,0,0
"671","VAR_0456",0,0,0
"672","VAR_0457",0,0,0
"673","VAR_0458",0,0,0
"674","VAR_0459",0,0,0
"675","VAR_0460",0,0,0
"676","VAR_0461",0,0,0
"677","VAR_0462",0,0,0
"678","VAR_0463",0,0,0
"679","VAR_0464",0,0,0
"680","VAR_0465",0,0,0
"681","VAR_0468",0,0,0
"682","VAR_0469",0,0,0
"683","VAR_0470",0,0,0
"684","VAR_0471",0,0,0
"685","VAR_0472",0,0,0
"686","VAR_0474",0,0,0
"687","VAR_0475",0,0,0
"688","VAR_0476",0,0,0
"689","VAR_0477",0,0,0
"690","VAR_0478",0,0,0
"691","VAR_0479",0,0,0
"692","VAR_0483",0,0,0
"693","VAR_0484",0,0,0
"694","VAR_0485",0,0,0
"695","VAR_0486",0,0,0
"696","VAR_0487",0,0,0
"697","VAR_0488",0,0,0
"698","VAR_0489",0,0,0
"699","VAR_0490",0,0,0
"700","VAR_0491",0,0,0
"701","VAR_0492",0,0,0
"702","VAR_0494",0,0,0
"703","VAR_0495",0,0,0
"704","VAR_0496",0,0,0
"705","VAR_0497",0,0,0
"706","VAR_0498",0,0,0
"707","VAR_0499",0,0,0
"708","VAR_0500",0,0,0
"709","VAR_0501",0,0,0
"710","VAR_0502",0,0,0
"711","VAR_0507",0,0,0
"712","VAR_0508",0,0,0
"713","VAR_0509",0,0,0
"714","VAR_0510",0,0,0
"715","VAR_0512",0,0,0
"716","VAR_0513",0,0,0
"717","VAR_0516",0,0,0
"718","VAR_0517",0,0,0
"719","VAR_0518",0,0,0
"720","VAR_0519",0,0,0
"721","VAR_0520",0,0,0
"722","VAR_0521",0,0,0
"723","VAR_0522",0,0,0
"724","VAR_0523",0,0,0
"725","VAR_0524",0,0,0
"726","VAR_0525",0,0,0
"727","VAR_0526",0,0,0
"728","VAR_0529",0,0,0
"729","VAR_0531",0,0,0
"730","VAR_0532",0,0,0
"731","VAR_0533",0,0,0
"732","VAR_0535",0,0,0
"733","VAR_0536",0,0,0
"734","VAR_0537",0,0,0
"735","VAR_0538",0,0,0
"736","VAR_0539",0,0,0
"737","VAR_0541",0,0,0
"738","VAR_0542",0,0,0
"739","VAR_0544",0,0,0
"740","VAR_0545",0,0,0
"741","VAR_0546",0,0,0
"742","VAR_0547",0,0,0
"743","VAR_0548",0,0,0
"744","VAR_0549",0,0,0
"745","VAR_0551",0,0,0
"746","VAR_0552",0,0,0
"747","VAR_0553",0,0,0
"748","VAR_0554",0,0,0
"749","VAR_0556",0,0,0
"750","VAR_0557",0,0,0
"751","VAR_0558",0,0,0
"752","VAR_0562",0,0,0
"753","VAR_0563",0,0,0
"754","VAR_0564",0,0,0
"755","VAR_0565",0,0,0
"756","VAR_0566",0,0,0
"757","VAR_0567",0,0,0
"758","VAR_0568",0,0,0
"759","VAR_0569",0,0,0
"760","VAR_0570",0,0,0
"761","VAR_0571",0,0,0
"762","VAR_0572",0,0,0
"763","VAR_0573",0,0,0
"764","VAR_0574",0,0,0
"765","VAR_0576",0,0,0
"766","VAR_0577",0,0,0
"767","VAR_0578",0,0,0
"768","VAR_0581",0,0,0
"769","VAR_0582",0,0,0
"770","VAR_0583",0,0,0
"771","VAR_0584",0,0,0
"772","VAR_0585",0,0,0
"773","VAR_0586",0,0,0
"774","VAR_0588",0,0,0
"775","VAR_0589",0,0,0
"776","VAR_0590",0,0,0
"777","VAR_0592",0,0,0
"778","VAR_0593",0,0,0
"779","VAR_0594",0,0,0
"780","VAR_0595",0,0,0
"781","VAR_0596",0,0,0
"782","VAR_0597",0,0,0
"783","VAR_0598",0,0,0
"784","VAR_0599",0,0,0
"785","VAR_0600",0,0,0
"786","VAR_0601",0,0,0
"787","VAR_0602",0,0,0
"788","VAR_0603",0,0,0
"789","VAR_0604",0,0,0
"790","VAR_0605",0,0,0
"791","VAR_0606",0,0,0
"792","VAR_0607",0,0,0
"793","VAR_0608",0,0,0
"794","VAR_0609",0,0,0
"795","VAR_0610",0,0,0
"796","VAR_0615",0,0,0
"797","VAR_0616",0,0,0
"798","VAR_0617",0,0,0
"799","VAR_0618",0,0,0
"800","VAR_0619",0,0,0
"801","VAR_0620",0,0,0
"802","VAR_0623",0,0,0
"803","VAR_0624",0,0,0
"804","VAR_0625",0,0,0
"805","VAR_0627",0,0,0
"806","VAR_0628",0,0,0
"807","VAR_0632",0,0,0
"808","VAR_0633",0,0,0
"809","VAR_0634",0,0,0
"810","VAR_0635",0,0,0
"811","VAR_0637",0,0,0
"812","VAR_0638",0,0,0
"813","VAR_0639",0,0,0
"814","VAR_0640",0,0,0
"815","VAR_0641",0,0,0
"816","VAR_0642",0,0,0
"817","VAR_0643",0,0,0
"818","VAR_0644",0,0,0
"819","VAR_0645",0,0,0
"820","VAR_0646",0,0,0
"821","VAR_0647",0,0,0
"822","VAR_0648",0,0,0
"823","VAR_0649",0,0,0
"824","VAR_0650",0,0,0
"825","VAR_0652",0,0,0
"826","VAR_0653",0,0,0
"827","VAR_0654",0,0,0
"828","VAR_0655",0,0,0
"829","VAR_0657",0,0,0
"830","VAR_0658",0,0,0
"831","VAR_0659",0,0,0
"832","VAR_0660",0,0,0
"833","VAR_0661",0,0,0
"834","VAR_0662",0,0,0
"835","VAR_0663",0,0,0
"836","VAR_0664",0,0,0
"837","VAR_0665",0,0,0
"838","VAR_0666",0,0,0
"839","VAR_0667",0,0,0
"840","VAR_0668",0,0,0
"841","VAR_0669",0,0,0
"842","VAR_0670",0,0,0
"843","VAR_0671",0,0,0
"844","VAR_0672",0,0,0
"845","VAR_0673",0,0,0
"846","VAR_0674",0,0,0
"847","VAR_0675",0,0,0
"848","VAR_0676",0,0,0
"849","VAR_0677",0,0,0
"850","VAR_0678",0,0,0
"851","VAR_0679",0,0,0
"852","VAR_0681",0,0,0
"853","VAR_0682",0,0,0
"854","VAR_0683",0,0,0
"855","VAR_0684",0,0,0
"856","VAR_0685",0,0,0
"857","VAR_0689",0,0,0
"858","VAR_0690",0,0,0
"859","VAR_0694",0,0,0
"860","VAR_0695",0,0,0
"861","VAR_0696",0,0,0
"862","VAR_0697",0,0,0
"863","VAR_0698",0,0,0
"864","VAR_0700",0,0,0
"865","VAR_0701",0,0,0
"866","VAR_0702",0,0,0
"867","VAR_0703",0,0,0
"868","VAR_0704",0,0,0
"869","VAR_0705",0,0,0
"870","VAR_0706",0,0,0
"871","VAR_0708",0,0,0
"872","VAR_0709",0,0,0
"873","VAR_0711",0,0,0
"874","VAR_0713",0,0,0
"875","VAR_0714",0,0,0
"876","VAR_0715",0,0,0
"877","VAR_0717",0,0,0
"878","VAR_0718",0,0,0
"879","VAR_0721",0,0,0
"880","VAR_0724",0,0,0
"881","VAR_0725",0,0,0
"882","VAR_0726",0,0,0
"883","VAR_0727",0,0,0
"884","VAR_0728",0,0,0
"885","VAR_0729",0,0,0
"886","VAR_0731",0,0,0
"887","VAR_0732",0,0,0
"888","VAR_0733",0,0,0
"889","VAR_0734",0,0,0
"890","VAR_0735",0,0,0
"891","VAR_0736",0,0,0
"892","VAR_0737",0,0,0
"893","VAR_0738",0,0,0
"894","VAR_0739",0,0,0
"895","VAR_0741",0,0,0
"896","VAR_0743",0,0,0
"897","VAR_0744",0,0,0
"898","VAR_0745",0,0,0
"899","VAR_0746",0,0,0
"900","VAR_0747",0,0,0
"901","VAR_0748",0,0,0
"902","VAR_0749",0,0,0
"903","VAR_0750",0,0,0
"904","VAR_0752",0,0,0
"905","VAR_0755",0,0,0
"906","VAR_0756",0,0,0
"907","VAR_0757",0,0,0
"908","VAR_0759",0,0,0
"909","VAR_0760",0,0,0
"910","VAR_0761",0,0,0
"911","VAR_0762",0,0,0
"912","VAR_0763",0,0,0
"913","VAR_0764",0,0,0
"914","VAR_0765",0,0,0
"915","VAR_0767",0,0,0
"916","VAR_0768",0,0,0
"917","VAR_0769",0,0,0
"918","VAR_0770",0,0,0
"919","VAR_0771",0,0,0
"920","VAR_0772",0,0,0
"921","VAR_0773",0,0,0
"922","VAR_0774",0,0,0
"923","VAR_0775",0,0,0
"924","VAR_0776",0,0,0
"925","VAR_0777",0,0,0
"926","VAR_0779",0,0,0
"927","VAR_0780",0,0,0
"928","VAR_0781",0,0,0
"929","VAR_0782",0,0,0
"930","VAR_0783",0,0,0
"931","VAR_0784",0,0,0
"932","VAR_0785",0,0,0
"933","VAR_0786",0,0,0
"934","VAR_0788",0,0,0
"935","VAR_0789",0,0,0
"936","VAR_0790",0,0,0
"937","VAR_0791",0,0,0
"938","VAR_0792",0,0,0
"939","VAR_0793",0,0,0
"940","VAR_0794",0,0,0
"941","VAR_0796",0,0,0
"942","VAR_0797",0,0,0
"943","VAR_0798",0,0,0
"944","VAR_0799",0,0,0
"945","VAR_0801",0,0,0
"946","VAR_0802",0,0,0
"947","VAR_0803",0,0,0
"948","VAR_0804",0,0,0
"949","VAR_0805",0,0,0
"950","VAR_0807",0,0,0
"951","VAR_0808",0,0,0
"952","VAR_0809",0,0,0
"953","VAR_0811",0,0,0
"954","VAR_0812",0,0,0
"955","VAR_0813",0,0,0
"956","VAR_0815",0,0,0
"957","VAR_0817",0,0,0
"958","VAR_0818",0,0,0
"959","VAR_0819",0,0,0
"960","VAR_0820",0,0,0
"961","VAR_0821",0,0,0
"962","VAR_0825",0,0,0
"963","VAR_0826",0,0,0
"964","VAR_0827",0,0,0
"965","VAR_0828",0,0,0
"966","VAR_0829",0,0,0
"967","VAR_0830",0,0,0
"968","VAR_0831",0,0,0
"969","VAR_0832",0,0,0
"970","VAR_0833",0,0,0
"971","VAR_0834",0,0,0
"972","VAR_0835",0,0,0
"973","VAR_0838",0,0,0
"974","VAR_0839",0,0,0
"975","VAR_0841",0,0,0
"976","VAR_0842",0,0,0
"977","VAR_0843",0,0,0
"978","VAR_0844",0,0,0
"979","VAR_0845",0,0,0
"980","VAR_0846",0,0,0
"981","VAR_0848",0,0,0
"982","VAR_0849",0,0,0
"983","VAR_0850",0,0,0
"984","VAR_0851",0,0,0
"985","VAR_0852",0,0,0
"986","VAR_0855",0,0,0
"987","VAR_0856",0,0,0
"988","VAR_0857",0,0,0
"989","VAR_0858",0,0,0
"990","VAR_0859",0,0,0
"991","VAR_0861",0,0,0
"992","VAR_0862",0,0,0
"993","VAR_0863",0,0,0
"994","VAR_0864",0,0,0
"995","VAR_0865",0,0,0
"996","VAR_0866",0,0,0
"997","VAR_0867",0,0,0
"998","VAR_0868",0,0,0
"999","VAR_0869",0,0,0
"1000","VAR_0870",0,0,0
"1001","VAR_0871",0,0,0
"1002","VAR_0872",0,0,0
"1003","VAR_0873",0,0,0
"1004","VAR_0874",0,0,0
"1005","VAR_0876",0,0,0
"1006","VAR_0878",0,0,0
"1007","VAR_0879",0,0,0
"1008","VAR_0882",0,0,0
"1009","VAR_0883",0,0,0
"1010","VAR_0885",0,0,0
"1011","VAR_0887",0,0,0
"1012","VAR_0888",0,0,0
"1013","VAR_0889",0,0,0
"1014","VAR_0890",0,0,0
"1015","VAR_0891",0,0,0
"1016","VAR_0893",0,0,0
"1017","VAR_0894",0,0,0
"1018","VAR_0895",0,0,0
"1019","VAR_0897",0,0,0
"1020","VAR_0903",0,0,0
"1021","VAR_0904",0,0,0
"1022","VAR_0906",0,0,0
"1023","VAR_0907",0,0,0
"1024","VAR_0908",0,0,0
"1025","VAR_0910",0,0,0
"1026","VAR_0911",0,0,0
"1027","VAR_0912",0,0,0
"1028","VAR_0913",0,0,0
"1029","VAR_0914",0,0,0
"1030","VAR_0915",0,0,0
"1031","VAR_0916",0,0,0
"1032","VAR_0917",0,0,0
"1033","VAR_0919",0,0,0
"1034","VAR_0920",0,0,0
"1035","VAR_0923",0,0,0
"1036","VAR_0924",0,0,0
"1037","VAR_0925",0,0,0
"1038","VAR_0927",0,0,0
"1039","VAR_0928",0,0,0
"1040","VAR_0929",0,0,0
"1041","VAR_0930",0,0,0
"1042","VAR_0931",0,0,0
"1043","VAR_0932",0,0,0
"1044","VAR_0933",0,0,0
"1045","VAR_0934",0,0,0
"1046","VAR_0935",0,0,0
"1047","VAR_0936",0,0,0
"1048","VAR_0937",0,0,0
"1049","VAR_0938",0,0,0
"1050","VAR_0939",0,0,0
"1051","VAR_0940",0,0,0
"1052","VAR_0943",0,0,0
"1053","VAR_0944",0,0,0
"1054","VAR_0945",0,0,0
"1055","VAR_0946",0,0,0
"1056","VAR_0947",0,0,0
"1057","VAR_0948",0,0,0
"1058","VAR_0949",0,0,0
"1059","VAR_0950",0,0,0
"1060","VAR_0951",0,0,0
"1061","VAR_0952",0,0,0
"1062","VAR_0953",0,0,0
"1063","VAR_0954",0,0,0
"1064","VAR_0955",0,0,0
"1065","VAR_0956",0,0,0
"1066","VAR_0957",0,0,0
"1067","VAR_0958",0,0,0
"1068","VAR_0959",0,0,0
"1069","VAR_0960",0,0,0
"1070","VAR_0961",0,0,0
"1071","VAR_0962",0,0,0
"1072","VAR_0963",0,0,0
"1073","VAR_0965",0,0,0
"1074","VAR_0966",0,0,0
"1075","VAR_0967",0,0,0
"1076","VAR_0968",0,0,0
"1077","VAR_0972",0,0,0
"1078","VAR_0973",0,0,0
"1079","VAR_0974",0,0,0
"1080","VAR_0975",0,0,0
"1081","VAR_0976",0,0,0
"1082","VAR_0977",0,0,0
"1083","VAR_0978",0,0,0
"1084","VAR_0979",0,0,0
"1085","VAR_0980",0,0,0
"1086","VAR_0981",0,0,0
"1087","VAR_0982",0,0,0
"1088","VAR_0983",0,0,0
"1089","VAR_0984",0,0,0
"1090","VAR_0985",0,0,0
"1091","VAR_0986",0,0,0
"1092","VAR_0987",0,0,0
"1093","VAR_0988",0,0,0
"1094","VAR_0989",0,0,0
"1095","VAR_0990",0,0,0
"1096","VAR_0991",0,0,0
"1097","VAR_0992",0,0,0
"1098","VAR_0993",0,0,0
"1099","VAR_0994",0,0,0
"1100","VAR_0995",0,0,0
"1101","VAR_0998",0,0,0
"1102","VAR_0999",0,0,0
"1103","VAR_1000",0,0,0
"1104","VAR_1001",0,0,0
"1105","VAR_1002",0,0,0
"1106","VAR_1004",0,0,0
"1107","VAR_1005",0,0,0
"1108","VAR_1008",0,0,0
"1109","VAR_1009",0,0,0
"1110","VAR_1010",0,0,0
"1111","VAR_1011",0,0,0
"1112","VAR_1012",0,0,0
"1113","VAR_1013",0,0,0
"1114","VAR_1014",0,0,0
"1115","VAR_1016",0,0,0
"1116","VAR_1017",0,0,0
"1117","VAR_1018",0,0,0
"1118","VAR_1019",0,0,0
"1119","VAR_1020",0,0,0
"1120","VAR_1021",0,0,0
"1121","VAR_1023",0,0,0
"1122","VAR_1025",0,0,0
"1123","VAR_1026",0,0,0
"1124","VAR_1028",0,0,0
"1125","VAR_1030",0,0,0
"1126","VAR_1032",0,0,0
"1127","VAR_1034",0,0,0
"1128","VAR_1035",0,0,0
"1129","VAR_1036",0,0,0
"1130","VAR_1038",0,0,0
"1131","VAR_1039",0,0,0
"1132","VAR_1040",0,0,0
"1133","VAR_1044",0,0,0
"1134","VAR_1045",0,0,0
"1135","VAR_1046",0,0,0
"1136","VAR_1047",0,0,0
"1137","VAR_1049",0,0,0
"1138","VAR_1050",0,0,0
"1139","VAR_1051",0,0,0
"1140","VAR_1053",0,0,0
"1141","VAR_1054",0,0,0
"1142","VAR_1055",0,0,0
"1143","VAR_1056",0,0,0
"1144","VAR_1059",0,0,0
"1145","VAR_1060",0,0,0
"1146","VAR_1061",0,0,0
"1147","VAR_1062",0,0,0
"1148","VAR_1063",0,0,0
"1149","VAR_1064",0,0,0
"1150","VAR_1065",0,0,0
"1151","VAR_1066",0,0,0
"1152","VAR_1067",0,0,0
"1153","VAR_1068",0,0,0
"1154","VAR_1069",0,0,0
"1155","VAR_1070",0,0,0
"1156","VAR_1071",0,0,0
"1157","VAR_1072",0,0,0
"1158","VAR_1074",0,0,0
"1159","VAR_1075",0,0,0
"1160","VAR_1076",0,0,0
"1161","VAR_1078",0,0,0
"1162","VAR_1080",0,0,0
"1163","VAR_1081",0,0,0
"1164","VAR_1082",0,0,0
"1165","VAR_1084",0,0,0
"1166","VAR_1085",0,0,0
"1167","VAR_1086",0,0,0
"1168","VAR_1087",0,0,0
"1169","VAR_1088",0,0,0
"1170","VAR_1089",0,0,0
"1171","VAR_1090",0,0,0
"1172","VAR_1091",0,0,0
"1173","VAR_1092",0,0,0
"1174","VAR_1093",0,0,0
"1175","VAR_1094",0,0,0
"1176","VAR_1095",0,0,0
"1177","VAR_1096",0,0,0
"1178","VAR_1097",0,0,0
"1179","VAR_1101",0,0,0
"1180","VAR_1104",0,0,0
"1181","VAR_1105",0,0,0
"1182","VAR_1109",0,0,0
"1183","VAR_1111",0,0,0
"1184","VAR_1113",0,0,0
"1185","VAR_1117",0,0,0
"1186","VAR_1118",0,0,0
"1187","VAR_1123",0,0,0
"1188","VAR_1130",0,0,0
"1189","VAR_1131",0,0,0
"1190","VAR_1133",0,0,0
"1191","VAR_1134",0,0,0
"1192","VAR_1135",0,0,0
"1193","VAR_1136",0,0,0
"1194","VAR_1137",0,0,0
"1195","VAR_1138",0,0,0
"1196","VAR_1139",0,0,0
"1197","VAR_1140",0,0,0
"1198","VAR_1141",0,0,0
"1199","VAR_1142",0,0,0
"1200","VAR_1143",0,0,0
"1201","VAR_1144",0,0,0
"1202","VAR_1145",0,0,0
"1203","VAR_1146",0,0,0
"1204","VAR_1147",0,0,0
"1205","VAR_1149",0,0,0
"1206","VAR_1151",0,0,0
"1207","VAR_1152",0,0,0
"1208","VAR_1153",0,0,0
"1209","VAR_1155",0,0,0
"1210","VAR_1156",0,0,0
"1211","VAR_1157",0,0,0
"1212","VAR_1158",0,0,0
"1213","VAR_1159",0,0,0
"1214","VAR_1160",0,0,0
"1215","VAR_1161",0,0,0
"1216","VAR_1162",0,0,0
"1217","VAR_1163",0,0,0
"1218","VAR_1165",0,0,0
"1219","VAR_1166",0,0,0
"1220","VAR_1167",0,0,0
"1221","VAR_1168",0,0,0
"1222","VAR_1169",0,0,0
"1223","VAR_1170",0,0,0
"1224","VAR_1171",0,0,0
"1225","VAR_1172",0,0,0
"1226","VAR_1173",0,0,0
"1227","VAR_1175",0,0,0
"1228","VAR_1176",0,0,0
"1229","VAR_1177",0,0,0
"1230","VAR_1179",0,0,0
"1231","VAR_1180",0,0,0
"1232","VAR_1181",0,0,0
"1233","VAR_1182",0,0,0
"1234","VAR_1183",0,0,0
"1235","VAR_1184",0,0,0
"1236","VAR_1185",0,0,0
"1237","VAR_1186",0,0,0
"1238","VAR_1187",0,0,0
"1239","VAR_1188",0,0,0
"1240","VAR_1189",0,0,0
"1241","VAR_1190",0,0,0
"1242","VAR_1191",0,0,0
"1243","VAR_1192",0,0,0
"1244","VAR_1193",0,0,0
"1245","VAR_1194",0,0,0
"1246","VAR_1195",0,0,0
"1247","VAR_1196",0,0,0
"1248","VAR_1197",0,0,0
"1249","VAR_1198",0,0,0
"1250","VAR_1199",0,0,0
"1251","VAR_1200",0,0,0
"1252","VAR_1201",0,0,0
"1253","VAR_1202",0,0,0
"1254","VAR_1203",0,0,0
"1255","VAR_1204",0,0,0
"1256","VAR_1205",0,0,0
"1257","VAR_1207",0,0,0
"1258","VAR_1208",0,0,0
"1259","VAR_1209",0,0,0
"1260","VAR_1210",0,0,0
"1261","VAR_1212",0,0,0
"1262","VAR_1213",0,0,0
"1263","VAR_1214",0,0,0
"1264","VAR_1215",0,0,0
"1265","VAR_1216",0,0,0
"1266","VAR_1217",0,0,0
"1267","VAR_1218",0,0,0
"1268","VAR_1219",0,0,0
"1269","VAR_1220",0,0,0
"1270","VAR_1221",0,0,0
"1271","VAR_1223",0,0,0
"1272","VAR_1224",0,0,0
"1273","VAR_1225",0,0,0
"1274","VAR_1226",0,0,0
"1275","VAR_1227",0,0,0
"1276","VAR_1228",0,0,0
"1277","VAR_1229",0,0,0
"1278","VAR_1230",0,0,0
"1279","VAR_1231",0,0,0
"1280","VAR_1233",0,0,0
"1281","VAR_1234",0,0,0
"1282","VAR_1235",0,0,0
"1283","VAR_1236",0,0,0
"1284","VAR_1237",0,0,0
"1285","VAR_1238",0,0,0
"1286","VAR_1239",0,0,0
"1287","VAR_1240",0,0,0
"1288","VAR_1241",0,0,0
"1289","VAR_1242",0,0,0
"1290","VAR_1243",0,0,0
"1291","VAR_1245",0,0,0
"1292","VAR_1246",0,0,0
"1293","VAR_1247",0,0,0
"1294","VAR_1248",0,0,0
"1295","VAR_1249",0,0,0
"1296","VAR_1250",0,0,0
"1297","VAR_1251",0,0,0
"1298","VAR_1252",0,0,0
"1299","VAR_1253",0,0,0
"1300","VAR_1254",0,0,0
"1301","VAR_1255",0,0,0
"1302","VAR_1256",0,0,0
"1303","VAR_1257",0,0,0
"1304","VAR_1260",0,0,0
"1305","VAR_1261",0,0,0
"1306","VAR_1262",0,0,0
"1307","VAR_1263",0,0,0
"1308","VAR_1264",0,0,0
"1309","VAR_1265",0,0,0
"1310","VAR_1267",0,0,0
"1311","VAR_1268",0,0,0
"1312","VAR_1269",0,0,0
"1313","VAR_1270",0,0,0
"1314","VAR_1271",0,0,0
"1315","VAR_1272",0,0,0
"1316","VAR_1273",0,0,0
"1317","VAR_1274",0,0,0
"1318","VAR_1275",0,0,0
"1319","VAR_1276",0,0,0
"1320","VAR_1278",0,0,0
"1321","VAR_1279",0,0,0
"1322","VAR_1280",0,0,0
"1323","VAR_1281",0,0,0
"1324","VAR_1282",0,0,0
"1325","VAR_1283",0,0,0
"1326","VAR_1284",0,0,0
"1327","VAR_1285",0,0,0
"1328","VAR_1287",0,0,0
"1329","VAR_1288",0,0,0
"1330","VAR_1289",0,0,0
"1331","VAR_1290",0,0,0
"1332","VAR_1291",0,0,0
"1333","VAR_1292",0,0,0
"1334","VAR_1293",0,0,0
"1335","VAR_1294",0,0,0
"1336","VAR_1295",0,0,0
"1337","VAR_1296",0,0,0
"1338","VAR_1297",0,0,0
"1339","VAR_1298",0,0,0
"1340","VAR_1299",0,0,0
"1341","VAR_1300",0,0,0
"1342","VAR_1301",0,0,0
"1343","VAR_1302",0,0,0
"1344","VAR_1303",0,0,0
"1345","VAR_1304",0,0,0
"1346","VAR_1305",0,0,0
"1347","VAR_1306",0,0,0
"1348","VAR_1307",0,0,0
"1349","VAR_1308",0,0,0
"1350","VAR_1309",0,0,0
"1351","VAR_1310",0,0,0
"1352","VAR_1311",0,0,0
"1353","VAR_1312",0,0,0
"1354","VAR_1313",0,0,0
"1355","VAR_1314",0,0,0
"1356","VAR_1315",0,0,0
"1357","VAR_1316",0,0,0
"1358","VAR_1317",0,0,0
"1359","VAR_1318",0,0,0
"1360","VAR_1319",0,0,0
"1361","VAR_1320",0,0,0
"1362","VAR_1321",0,0,0
"1363","VAR_1322",0,0,0
"1364","VAR_1323",0,0,0
"1365","VAR_1324",0,0,0
"1366","VAR_1325",0,0,0
"1367","VAR_1326",0,0,0
"1368","VAR_1330",0,0,0
"1369","VAR_1331",0,0,0
"1370","VAR_1338",0,0,0
"1371","VAR_1339",0,0,0
"1372","VAR_1340",0,0,0
"1373","VAR_1341",0,0,0
"1374","VAR_1342",0,0,0
"1375","VAR_1343",0,0,0
"1376","VAR_1344",0,0,0
"1377","VAR_1345",0,0,0
"1378","VAR_1346",0,0,0
"1379","VAR_1347",0,0,0
"1380","VAR_1348",0,0,0
"1381","VAR_1349",0,0,0
"1382","VAR_1350",0,0,0
"1383","VAR_1351",0,0,0
"1384","VAR_1352",0,0,0
"1385","VAR_1353",0,0,0
"1386","VAR_1354",0,0,0
"1387","VAR_1355",0,0,0
"1388","VAR_1356",0,0,0
"1389","VAR_1357",0,0,0
"1390","VAR_1360",0,0,0
"1391","VAR_1361",0,0,0
"1392","VAR_1362",0,0,0
"1393","VAR_1363",0,0,0
"1394","VAR_1364",0,0,0
"1395","VAR_1365",0,0,0
"1396","VAR_1366",0,0,0
"1397","VAR_1367",0,0,0
"1398","VAR_1369",0,0,0
"1399","VAR_1370",0,0,0
"1400","VAR_1371",0,0,0
"1401","VAR_1372",0,0,0
"1402","VAR_1373",0,0,0
"1403","VAR_1374",0,0,0
"1404","VAR_1375",0,0,0
"1405","VAR_1376",0,0,0
"1406","VAR_1377",0,0,0
"1407","VAR_1378",0,0,0
"1408","VAR_1379",0,0,0
"1409","VAR_1381",0,0,0
"1410","VAR_1382",0,0,0
"1411","VAR_1383",0,0,0
"1412","VAR_1384",0,0,0
"1413","VAR_1385",0,0,0
"1414","VAR_1390",0,0,0
"1415","VAR_1391",0,0,0
"1416","VAR_1393",0,0,0
"1417","VAR_1396",0,0,0
"1418","VAR_1402",0,0,0
"1419","VAR_1404",0,0,0
"1420","VAR_1408",0,0,0
"1421","VAR_1410",0,0,0
"1422","VAR_1411",0,0,0
"1423","VAR_1412",0,0,0
"1424","VAR_1413",0,0,0
"1425","VAR_1414",0,0,0
"1426","VAR_1415",0,0,0
"1427","VAR_1416",0,0,0
"1428","VAR_1417",0,0,0
"1429","VAR_1418",0,0,0
"1430","VAR_1419",0,0,0
"1431","VAR_1420",0,0,0
"1432","VAR_1421",0,0,0
"1433","VAR_1422",0,0,0
"1434","VAR_1424",0,0,0
"1435","VAR_1425",0,0,0
"1436","VAR_1427",0,0,0
"1437","VAR_1429",0,0,0
"1438","VAR_1430",0,0,0
"1439","VAR_1431",0,0,0
"1440","VAR_1432",0,0,0
"1441","VAR_1433",0,0,0
"1442","VAR_1434",0,0,0
"1443","VAR_1435",0,0,0
"1444","VAR_1436",0,0,0
"1445","VAR_1437",0,0,0
"1446","VAR_1438",0,0,0
"1447","VAR_1439",0,0,0
"1448","VAR_1440",0,0,0
"1449","VAR_1441",0,0,0
"1450","VAR_1442",0,0,0
"1451","VAR_1443",0,0,0
"1452","VAR_1444",0,0,0
"1453","VAR_1445",0,0,0
"1454","VAR_1446",0,0,0
"1455","VAR_1447",0,0,0
"1456","VAR_1448",0,0,0
"1457","VAR_1449",0,0,0
"1458","VAR_1450",0,0,0
"1459","VAR_1451",0,0,0
"1460","VAR_1452",0,0,0
"1461","VAR_1453",0,0,0
"1462","VAR_1454",0,0,0
"1463","VAR_1455",0,0,0
"1464","VAR_1457",0,0,0
"1465","VAR_1458",0,0,0
"1466","VAR_1459",0,0,0
"1467","VAR_1460",0,0,0
"1468","VAR_1461",0,0,0
"1469","VAR_1462",0,0,0
"1470","VAR_1463",0,0,0
"1471","VAR_1464",0,0,0
"1472","VAR_1465",0,0,0
"1473","VAR_1466",0,0,0
"1474","VAR_1467",0,0,0
"1475","VAR_1468",0,0,0
"1476","VAR_1469",0,0,0
"1477","VAR_1470",0,0,0
"1478","VAR_1471",0,0,0
"1479","VAR_1472",0,0,0
"1480","VAR_1473",0,0,0
"1481","VAR_1474",0,0,0
"1482","VAR_1475",0,0,0
"1483","VAR_1476",0,0,0
"1484","VAR_1477",0,0,0
"1485","VAR_1478",0,0,0
"1486","VAR_1479",0,0,0
"1487","VAR_1480",0,0,0
"1488","VAR_1481",0,0,0
"1489","VAR_1482",0,0,0
"1490","VAR_1483",0,0,0
"1491","VAR_1484",0,0,0
"1492","VAR_1485",0,0,0
"1493","VAR_1486",0,0,0
"1494","VAR_1487",0,0,0
"1495","VAR_1488",0,0,0
"1496","VAR_1489",0,0,0
"1497","VAR_1490",0,0,0
"1498","VAR_1491",0,0,0
"1499","VAR_1492",0,0,0
"1500","VAR_1493",0,0,0
"1501","VAR_1496",0,0,0
"1502","VAR_1497",0,0,0
"1503","VAR_1498",0,0,0
"1504","VAR_1499",0,0,0
"1505","VAR_1500",0,0,0
"1506","VAR_1501",0,0,0
"1507","VAR_1502",0,0,0
"1508","VAR_1503",0,0,0
"1509","VAR_1504",0,0,0
"1510","VAR_1506",0,0,0
"1511","VAR_1507",0,0,0
"1512","VAR_1508",0,0,0
"1513","VAR_1510",0,0,0
"1514","VAR_1511",0,0,0
"1515","VAR_1513",0,0,0
"1516","VAR_1517",0,0,0
"1517","VAR_1519",0,0,0
"1518","VAR_1520",0,0,0
"1519","VAR_1521",0,0,0
"1520","VAR_1523",0,0,0
"1521","VAR_1524",0,0,0
"1522","VAR_1525",0,0,0
"1523","VAR_1526",0,0,0
"1524","VAR_1527",0,0,0
"1525","VAR_1528",0,0,0
"1526","VAR_1529",0,0,0
"1527","VAR_1530",0,0,0
"1528","VAR_1531",0,0,0
"1529","VAR_1533",0,0,0
"1530","VAR_1536",0,0,0
"1531","VAR_1540",0,0,0
"1532","VAR_1542",0,0,0
"1533","VAR_1543",0,0,0
"1534","VAR_1544",0,0,0
"1535","VAR_1545",0,0,0
"1536","VAR_1547",0,0,0
"1537","VAR_1549",0,0,0
"1538","VAR_1550",0,0,0
"1539","VAR_1552",0,0,0
"1540","VAR_1553",0,0,0
"1541","VAR_1554",0,0,0
"1542","VAR_1555",0,0,0
"1543","VAR_1556",0,0,0
"1544","VAR_1557",0,0,0
"1545","VAR_1559",0,0,0
"1546","VAR_1560",0,0,0
"1547","VAR_1562",0,0,0
"1548","VAR_1563",0,0,0
"1549","VAR_1568",0,0,0
"1550","VAR_1569",0,0,0
"1551","VAR_1570",0,0,0
"1552","VAR_1574",0,0,0
"1553","VAR_1575",0,0,0
"1554","VAR_1577",0,0,0
"1555","VAR_1578",0,0,0
"1556","VAR_1579",0,0,0
"1557","VAR_1580",0,0,0
"1558","VAR_1581",0,0,0
"1559","VAR_1582",0,0,0
"1560","VAR_1583",0,0,0
"1561","VAR_1584",0,0,0
"1562","VAR_1585",0,0,0
"1563","VAR_1586",0,0,0
"1564","VAR_1587",0,0,0
"1565","VAR_1588",0,0,0
"1566","VAR_1589",0,0,0
"1567","VAR_1590",0,0,0
"1568","VAR_1591",0,0,0
"1569","VAR_1592",0,0,0
"1570","VAR_1593",0,0,0
"1571","VAR_1594",0,0,0
"1572","VAR_1595",0,0,0
"1573","VAR_1596",0,0,0
"1574","VAR_1597",0,0,0
"1575","VAR_1598",0,0,0
"1576","VAR_1599",0,0,0
"1577","VAR_1600",0,0,0
"1578","VAR_1601",0,0,0
"1579","VAR_1602",0,0,0
"1580","VAR_1603",0,0,0
"1581","VAR_1604",0,0,0
"1582","VAR_1605",0,0,0
"1583","VAR_1606",0,0,0
"1584","VAR_1607",0,0,0
"1585","VAR_1608",0,0,0
"1586","VAR_1609",0,0,0
"1587","VAR_1610",0,0,0
"1588","VAR_1611",0,0,0
"1589","VAR_1612",0,0,0
"1590","VAR_1613",0,0,0
"1591","VAR_1614",0,0,0
"1592","VAR_1615",0,0,0
"1593","VAR_1616",0,0,0
"1594","VAR_1617",0,0,0
"1595","VAR_1618",0,0,0
"1596","VAR_1620",0,0,0
"1597","VAR_1621",0,0,0
"1598","VAR_1622",0,0,0
"1599","VAR_1623",0,0,0
"1600","VAR_1624",0,0,0
"1601","VAR_1625",0,0,0
"1602","VAR_1626",0,0,0
"1603","VAR_1627",0,0,0
"1604","VAR_1628",0,0,0
"1605","VAR_1629",0,0,0
"1606","VAR_1630",0,0,0
"1607","VAR_1631",0,0,0
"1608","VAR_1633",0,0,0
"1609","VAR_1634",0,0,0
"1610","VAR_1635",0,0,0
"1611","VAR_1636",0,0,0
"1612","VAR_1637",0,0,0
"1613","VAR_1638",0,0,0
"1614","VAR_1639",0,0,0
"1615","VAR_1640",0,0,0
"1616","VAR_1641",0,0,0
"1617","VAR_1642",0,0,0
"1618","VAR_1643",0,0,0
"1619","VAR_1644",0,0,0
"1620","VAR_1646",0,0,0
"1621","VAR_1647",0,0,0
"1622","VAR_1648",0,0,0
"1623","VAR_1649",0,0,0
"1624","VAR_1650",0,0,0
"1625","VAR_1651",0,0,0
"1626","VAR_1652",0,0,0
"1627","VAR_1653",0,0,0
"1628","VAR_1654",0,0,0
"1629","VAR_1655",0,0,0
"1630","VAR_1656",0,0,0
"1631","VAR_1657",0,0,0
"1632","VAR_1658",0,0,0
"1633","VAR_1659",0,0,0
"1634","VAR_1660",0,0,0
"1635","VAR_1661",0,0,0
"1636","VAR_1662",0,0,0
"1637","VAR_1663",0,0,0
"1638","VAR_1664",0,0,0
"1639","VAR_1665",0,0,0
"1640","VAR_1666",0,0,0
"1641","VAR_1667",0,0,0
"1642","VAR_1668",0,0,0
"1643","VAR_1669",0,0,0
"1644","VAR_1670",0,0,0
"1645","VAR_1671",0,0,0
"1646","VAR_1672",0,0,0
"1647","VAR_1673",0,0,0
"1648","VAR_1674",0,0,0
"1649","VAR_1675",0,0,0
"1650","VAR_1676",0,0,0
"1651","VAR_1677",0,0,0
"1652","VAR_1678",0,0,0
"1653","VAR_1679",0,0,0
"1654","VAR_1680",0,0,0
"1655","VAR_1681",0,0,0
"1656","VAR_1682",0,0,0
"1657","VAR_1683",0,0,0
"1658","VAR_1684",0,0,0
"1659","VAR_1685",0,0,0
"1660","VAR_1686",0,0,0
"1661","VAR_1687",0,0,0
"1662","VAR_1688",0,0,0
"1663","VAR_1689",0,0,0
"1664","VAR_1690",0,0,0
"1665","VAR_1691",0,0,0
"1666","VAR_1692",0,0,0
"1667","VAR_1693",0,0,0
"1668","VAR_1694",0,0,0
"1669","VAR_1695",0,0,0
"1670","VAR_1696",0,0,0
"1671","VAR_1697",0,0,0
"1672","VAR_1698",0,0,0
"1673","VAR_1699",0,0,0
"1674","VAR_1700",0,0,0
"1675","VAR_1701",0,0,0
"1676","VAR_1702",0,0,0
"1677","VAR_1703",0,0,0
"1678","VAR_1704",0,0,0
"1679","VAR_1705",0,0,0
"1680","VAR_1706",0,0,0
"1681","VAR_1707",0,0,0
"1682","VAR_1708",0,0,0
"1683","VAR_1709",0,0,0
"1684","VAR_1710",0,0,0
"1685","VAR_1711",0,0,0
"1686","VAR_1712",0,0,0
"1687","VAR_1713",0,0,0
"1688","VAR_1714",0,0,0
"1689","VAR_1715",0,0,0
"1690","VAR_1716",0,0,0
"1691","VAR_1717",0,0,0
"1692","VAR_1718",0,0,0
"1693","VAR_1719",0,0,0
"1694","VAR_1720",0,0,0
"1695","VAR_1721",0,0,0
"1696","VAR_1722",0,0,0
"1697","VAR_1723",0,0,0
"1698","VAR_1724",0,0,0
"1699","VAR_1725",0,0,0
"1700","VAR_1726",0,0,0
"1701","VAR_1727",0,0,0
"1702","VAR_1728",0,0,0
"1703","VAR_1729",0,0,0
"1704","VAR_1730",0,0,0
"1705","VAR_1731",0,0,0
"1706","VAR_1732",0,0,0
"1707","VAR_1733",0,0,0
"1708","VAR_1734",0,0,0
"1709","VAR_1735",0,0,0
"1710","VAR_1736",0,0,0
"1711","VAR_1737",0,0,0
"1712","VAR_1738",0,0,0
"1713","VAR_1739",0,0,0
"1714","VAR_1740",0,0,0
"1715","VAR_1741",0,0,0
"1716","VAR_1746",0,0,0
"1717","VAR_1748",0,0,0
"1718","VAR_1752",0,0,0
"1719","VAR_1753",0,0,0
"1720","VAR_1754",0,0,0
"1721","VAR_1755",0,0,0
"1722","VAR_1756",0,0,0
"1723","VAR_1757",0,0,0
"1724","VAR_1758",0,0,0
"1725","VAR_1759",0,0,0
"1726","VAR_1760",0,0,0
"1727","VAR_1761",0,0,0
"1728","VAR_1762",0,0,0
"1729","VAR_1764",0,0,0
"1730","VAR_1765",0,0,0
"1731","VAR_1766",0,0,0
"1732","VAR_1767",0,0,0
"1733","VAR_1768",0,0,0
"1734","VAR_1769",0,0,0
"1735","VAR_1770",0,0,0
"1736","VAR_1771",0,0,0
"1737","VAR_1772",0,0,0
"1738","VAR_1774",0,0,0
"1739","VAR_1775",0,0,0
"1740","VAR_1776",0,0,0
"1741","VAR_1777",0,0,0
"1742","VAR_1778",0,0,0
"1743","VAR_1779",0,0,0
"1744","VAR_1780",0,0,0
"1745","VAR_1781",0,0,0
"1746","VAR_1782",0,0,0
"1747","VAR_1783",0,0,0
"1748","VAR_1784",0,0,0
"1749","VAR_1785",0,0,0
"1750","VAR_1786",0,0,0
"1751","VAR_1787",0,0,0
"1752","VAR_1788",0,0,0
"1753","VAR_1789",0,0,0
"1754","VAR_1790",0,0,0
"1755","VAR_1793",0,0,0
"1756","VAR_1794",0,0,0
"1757","VAR_1795",0,0,0
"1758","VAR_1796",0,0,0
"1759","VAR_1797",0,0,0
"1760","VAR_1798",0,0,0
"1761","VAR_1799",0,0,0
"1762","VAR_1800",0,0,0
"1763","VAR_1801",0,0,0
"1764","VAR_1802",0,0,0
"1765","VAR_1804",0,0,0
"1766","VAR_1805",0,0,0
"1767","VAR_1806",0,0,0
"1768","VAR_1807",0,0,0
"1769","VAR_1808",0,0,0
"1770","VAR_1809",0,0,0
"1771","VAR_1810",0,0,0
"1772","VAR_1811",0,0,0
"1773","VAR_1812",0,0,0
"1774","VAR_1813",0,0,0
"1775","VAR_1814",0,0,0
"1776","VAR_1815",0,0,0
"1777","VAR_1816",0,0,0
"1778","VAR_1822",0,0,0
"1779","VAR_1824",0,0,0
"1780","VAR_1825",0,0,0
"1781","VAR_1827",0,0,0
"1782","VAR_1831",0,0,0
"1783","VAR_1834",0,0,0
"1784","VAR_1835",0,0,0
"1785","VAR_1836",0,0,0
"1786","VAR_1837",0,0,0
"1787","VAR_1838",0,0,0
"1788","VAR_1839",0,0,0
"1789","VAR_1840",0,0,0
"1790","VAR_1841",0,0,0
"1791","VAR_1843",0,0,0
"1792","VAR_1844",0,0,0
"1793","VAR_1845",0,0,0
"1794","VAR_1846",0,0,0
"1795","VAR_1847",0,0,0
"1796","VAR_1848",0,0,0
"1797","VAR_1849",0,0,0
"1798","VAR_1850",0,0,0
"1799","VAR_1851",0,0,0
"1800","VAR_1852",0,0,0
"1801","VAR_1853",0,0,0
"1802","VAR_1854",0,0,0
"1803","VAR_1855",0,0,0
"1804","VAR_1856",0,0,0
"1805","VAR_1857",0,0,0
"1806","VAR_1858",0,0,0
"1807","VAR_1859",0,0,0
"1808","VAR_1860",0,0,0
"1809","VAR_1861",0,0,0
"1810","VAR_1862",0,0,0
"1811","VAR_1863",0,0,0
"1812","VAR_1864",0,0,0
"1813","VAR_1865",0,0,0
"1814","VAR_1866",0,0,0
"1815","VAR_1867",0,0,0
"1816","VAR_1868",0,0,0
"1817","VAR_1870",0,0,0
"1818","VAR_1871",0,0,0
"1819","VAR_1872",0,0,0
"1820","VAR_1873",0,0,0
"1821","VAR_1874",0,0,0
"1822","VAR_1875",0,0,0
"1823","VAR_1876",0,0,0
"1824","VAR_1877",0,0,0
"1825","VAR_1878",0,0,0
"1826","VAR_1880",0,0,0
"1827","VAR_1881",0,0,0
"1828","VAR_1882",0,0,0
"1829","VAR_1883",0,0,0
"1830","VAR_1884",0,0,0
"1831","VAR_1885",0,0,0
"1832","VAR_1886",0,0,0
"1833","VAR_1887",0,0,0
"1834","VAR_1888",0,0,0
"1835","VAR_1889",0,0,0
"1836","VAR_1890",0,0,0
"1837","VAR_1891",0,0,0
"1838","VAR_1892",0,0,0
"1839","VAR_1893",0,0,0
"1840","VAR_1894",0,0,0
"1841","VAR_1895",0,0,0
"1842","VAR_1896",0,0,0
"1843","VAR_1897",0,0,0
"1844","VAR_1900",0,0,0
"1845","VAR_1901",0,0,0
"1846","VAR_1902",0,0,0
"1847","VAR_1903",0,0,0
"1848","VAR_1904",0,0,0
"1849","VAR_1905",0,0,0
"1850","VAR_1907",0,0,0
"1851","VAR_1908",0,0,0
"1852","VAR_1909",0,0,0
"1853","VAR_1910",0,0,0
"1854","VAR_1911",0,0,0
"1855","VAR_1912",0,0,0
"1856","VAR_1914",0,0,0
"1857","VAR_1915",0,0,0
"1858","VAR_1916",0,0,0
"1859","VAR_1917",0,0,0
"1860","VAR_1918",0,0,0
"1861","VAR_1919",0,0,0
"1862","VAR_1920",0,0,0
"1863","VAR_1922",0,0,0
"1864","VAR_1923",0,0,0
"1865","VAR_1924",0,0,0
"1866","VAR_1925",0,0,0
"1867","VAR_1926",0,0,0
"1868","VAR_1927",0,0,0
"1869","VAR_1928",0,0,0
"1870","VAR_1929",0,0,0
"1871","VAR_1930",0,0,0
"1872","VAR_1931",0,0,0
"1873","VAR_1932",0,0,0
"1874","VAR_1933",0,0,0
"NA",NA,NA,NA,NA
"NA.1",NA,NA,NA,NA
"NA.2",NA,NA,NA,NA
"NA.3",NA,NA,NA,NA
"NA.4",NA,NA,NA,NA
"NA.5",NA,NA,NA,NA
"NA.6",NA,NA,NA,NA
"NA.7",NA,NA,NA,NA
"NA.8",NA,NA,NA,NA
"NA.9",NA,NA,NA,NA
"NA.10",NA,NA,NA,NA
"NA.11",NA,NA,NA,NA
"NA.12",NA,NA,NA,NA
"NA.13",NA,NA,NA,NA
"NA.14",NA,NA,NA,NA
"NA.15",NA,NA,NA,NA
"NA.16",NA,NA,NA,NA
"NA.17",NA,NA,NA,NA
"NA.18",NA,NA,NA,NA
"NA.19",NA,NA,NA,NA
"NA.20",NA,NA,NA,NA
"NA.21",NA,NA,NA,NA
"NA.22",NA,NA,NA,NA
"NA.23",NA,NA,NA,NA
"NA.24",NA,NA,NA,NA
"NA.25",NA,NA,NA,NA
"NA.26",NA,NA,NA,NA
"NA.27",NA,NA,NA,NA
"NA.28",NA,NA,NA,NA
"NA.29",NA,NA,NA,NA
"NA.30",NA,NA,NA,NA
"NA.31",NA,NA,NA,NA
"NA.32",NA,NA,NA,NA
"NA.33",NA,NA,NA,NA
"NA.34",NA,NA,NA,NA
"NA.35",NA,NA,NA,NA
"NA.36",NA,NA,NA,NA
"NA.37",NA,NA,NA,NA
"NA.38",NA,NA,NA,NA
"NA.39",NA,NA,NA,NA
"NA.40",NA,NA,NA,NA
"NA.41",NA,NA,NA,NA
"NA.42",NA,NA,NA,NA
"NA.43",NA,NA,NA,NA
"NA.44",NA,NA,NA,NA
"NA.45",NA,NA,NA,NA
"NA.46",NA,NA,NA,NA
"NA.47",NA,NA,NA,NA
"NA.48",NA,NA,NA,NA
"NA.49",NA,NA,NA,NA
"NA.50",NA,NA,NA,NA
"NA.51",NA,NA,NA,NA
"NA.52",NA,NA,NA,NA
"NA.53",NA,NA,NA,NA
"NA.54",NA,NA,NA,NA
"NA.55",NA,NA,NA,NA
"NA.56",NA,NA,NA,NA
"NA.57",NA,NA,NA,NA
"NA.58",NA,NA,NA,NA
"NA.59",NA,NA,NA,NA
"NA.60",NA,NA,NA,NA
"NA.61",NA,NA,NA,NA
"NA.62",NA,NA,NA,NA
"NA.63",NA,NA,NA,NA
"NA.64",NA,NA,NA,NA
"NA.65",NA,NA,NA,NA
"NA.66",NA,NA,NA,NA
"NA.67",NA,NA,NA,NA
"NA.68",NA,NA,NA,NA
"NA.69",NA,NA,NA,NA
"NA.70",NA,NA,NA,NA
"NA.71",NA,NA,NA,NA
"NA.72",NA,NA,NA,NA
"NA.73",NA,NA,NA,NA
"NA.74",NA,NA,NA,NA
"NA.75",NA,NA,NA,NA
"NA.76",NA,NA,NA,NA
"NA.77",NA,NA,NA,NA
"NA.78",NA,NA,NA,NA
"NA.79",NA,NA,NA,NA
"NA.80",NA,NA,NA,NA
"NA.81",NA,NA,NA,NA
"NA.82",NA,NA,NA,NA
"NA.83",NA,NA,NA,NA
"NA.84",NA,NA,NA,NA
"NA.85",NA,NA,NA,NA
"NA.86",NA,NA,NA,NA
"NA.87",NA,NA,NA,NA
"NA.88",NA,NA,NA,NA
"NA.89",NA,NA,NA,NA
"NA.90",NA,NA,NA,NA
"NA.91",NA,NA,NA,NA
"NA.92",NA,NA,NA,NA
"NA.93",NA,NA,NA,NA
"NA.94",NA,NA,NA,NA
"NA.95",NA,NA,NA,NA
"NA.96",NA,NA,NA,NA
"NA.97",NA,NA,NA,NA
"NA.98",NA,NA,NA,NA
"NA.99",NA,NA,NA,NA
"NA.100",NA,NA,NA,NA
"NA.101",NA,NA,NA,NA
"NA.102",NA,NA,NA,NA
"NA.103",NA,NA,NA,NA
"NA.104",NA,NA,NA,NA
"NA.105",NA,NA,NA,NA
"NA.106",NA,NA,NA,NA
"NA.107",NA,NA,NA,NA
"NA.108",NA,NA,NA,NA
"NA.109",NA,NA,NA,NA
"NA.110",NA,NA,NA,NA
"NA.111",NA,NA,NA,NA
"NA.112",NA,NA,NA,NA
"NA.113",NA,NA,NA,NA
"NA.114",NA,NA,NA,NA
"NA.115",NA,NA,NA,NA
"NA.116",NA,NA,NA,NA
"NA.117",NA,NA,NA,NA
"NA.118",NA,NA,NA,NA
"NA.119",NA,NA,NA,NA
"NA.120",NA,NA,NA,NA
"NA.121",NA,NA,NA,NA
"NA.122",NA,NA,NA,NA
"NA.123",NA,NA,NA,NA
"NA.124",NA,NA,NA,NA
"NA.125",NA,NA,NA,NA
"NA.126",NA,NA,NA,NA
"NA.127",NA,NA,NA,NA
"NA.128",NA,NA,NA,NA
"NA.129",NA,NA,NA,NA
"NA.130",NA,NA,NA,NA
"NA.131",NA,NA,NA,NA
"NA.132",NA,NA,NA,NA
"NA.133",NA,NA,NA,NA
"NA.134",NA,NA,NA,NA
"NA.135",NA,NA,NA,NA
"NA.136",NA,NA,NA,NA
"NA.137",NA,NA,NA,NA
"NA.138",NA,NA,NA,NA
"NA.139",NA,NA,NA,NA
"NA.140",NA,NA,NA,NA
"NA.141",NA,NA,NA,NA
"NA.142",NA,NA,NA,NA
"NA.143",NA,NA,NA,NA
"NA.144",NA,NA,NA,NA
"NA.145",NA,NA,NA,NA
"NA.146",NA,NA,NA,NA
"NA.147",NA,NA,NA,NA
"NA.148",NA,NA,NA,NA
"NA.149",NA,NA,NA,NA
"NA.150",NA,NA,NA,NA
"NA.151",NA,NA,NA,NA
"NA.152",NA,NA,NA,NA
"NA.153",NA,NA,NA,NA
"NA.154",NA,NA,NA,NA
"NA.155",NA,NA,NA,NA
"NA.156",NA,NA,NA,NA
"NA.157",NA,NA,NA,NA
"NA.158",NA,NA,NA,NA
"NA.159",NA,NA,NA,NA
"NA.160",NA,NA,NA,NA
"NA.161",NA,NA,NA,NA
"NA.162",NA,NA,NA,NA
"NA.163",NA,NA,NA,NA
"NA.164",NA,NA,NA,NA
"NA.165",NA,NA,NA,NA
"NA.166",NA,NA,NA,NA
"NA.167",NA,NA,NA,NA
"NA.168",NA,NA,NA,NA
"NA.169",NA,NA,NA,NA
"NA.170",NA,NA,NA,NA
"NA.171",NA,NA,NA,NA
"NA.172",NA,NA,NA,NA
"NA.173",NA,NA,NA,NA
"NA.174",NA,NA,NA,NA
"NA.175",NA,NA,NA,NA
"NA.176",NA,NA,NA,NA
"NA.177",NA,NA,NA,NA
"NA.178",NA,NA,NA,NA
"NA.179",NA,NA,NA,NA
"NA.180",NA,NA,NA,NA
"NA.181",NA,NA,NA,NA
"NA.182",NA,NA,NA,NA
"NA.183",NA,NA,NA,NA
"NA.184",NA,NA,NA,NA
"NA.185",NA,NA,NA,NA
"NA.186",NA,NA,NA,NA
"NA.187",NA,NA,NA,NA
"NA.188",NA,NA,NA,NA
"NA.189",NA,NA,NA,NA
"NA.190",NA,NA,NA,NA
"NA.191",NA,NA,NA,NA
"NA.192",NA,NA,NA,NA
"NA.193",NA,NA,NA,NA
"NA.194",NA,NA,NA,NA
"NA.195",NA,NA,NA,NA
"NA.196",NA,NA,NA,NA
"NA.197",NA,NA,NA,NA
"NA.198",NA,NA,NA,NA
"NA.199",NA,NA,NA,NA
"NA.200",NA,NA,NA,NA
"NA.201",NA,NA,NA,NA
"NA.202",NA,NA,NA,NA
"NA.203",NA,NA,NA,NA
"NA.204",NA,NA,NA,NA
"NA.205",NA,NA,NA,NA
"NA.206",NA,NA,NA,NA
"NA.207",NA,NA,NA,NA
"NA.208",NA,NA,NA,NA
"NA.209",NA,NA,NA,NA
"NA.210",NA,NA,NA,NA
"NA.211",NA,NA,NA,NA
"NA.212",NA,NA,NA,NA
"NA.213",NA,NA,NA,NA
"NA.214",NA,NA,NA,NA
"NA.215",NA,NA,NA,NA
"NA.216",NA,NA,NA,NA
"NA.217",NA,NA,NA,NA
"NA.218",NA,NA,NA,NA
"NA.219",NA,NA,NA,NA
"NA.220",NA,NA,NA,NA
"NA.221",NA,NA,NA,NA
"NA.222",NA,NA,NA,NA
"NA.223",NA,NA,NA,NA
"NA.224",NA,NA,NA,NA
"NA.225",NA,NA,NA,NA
"NA.226",NA,NA,NA,NA
"NA.227",NA,NA,NA,NA
"NA.228",NA,NA,NA,NA
"NA.229",NA,NA,NA,NA
"NA.230",NA,NA,NA,NA
"NA.231",NA,NA,NA,NA
"NA.232",NA,NA,NA,NA
"NA.233",NA,NA,NA,NA
"NA.234",NA,NA,NA,NA
"NA.235",NA,NA,NA,NA
"NA.236",NA,NA,NA,NA
"NA.237",NA,NA,NA,NA
"NA.238",NA,NA,NA,NA
"NA.239",NA,NA,NA,NA
"NA.240",NA,NA,NA,NA
"NA.241",NA,NA,NA,NA
"NA.242",NA,NA,NA,NA
"NA.243",NA,NA,NA,NA
"NA.244",NA,NA,NA,NA
"NA.245",NA,NA,NA,NA
"NA.246",NA,NA,NA,NA
"NA.247",NA,NA,NA,NA
"NA.248",NA,NA,NA,NA
"NA.249",NA,NA,NA,NA
"NA.250",NA,NA,NA,NA
"NA.251",NA,NA,NA,NA
"NA.252",NA,NA,NA,NA
"NA.253",NA,NA,NA,NA
"NA.254",NA,NA,NA,NA
"NA.255",NA,NA,NA,NA
"NA.256",NA,NA,NA,NA
"NA.257",NA,NA,NA,NA
"NA.258",NA,NA,NA,NA
"NA.259",NA,NA,NA,NA
"NA.260",NA,NA,NA,NA
"NA.261",NA,NA,NA,NA
"NA.262",NA,NA,NA,NA
"NA.263",NA,NA,NA,NA
"NA.264",NA,NA,NA,NA
"NA.265",NA,NA,NA,NA
"NA.266",NA,NA,NA,NA
"NA.267",NA,NA,NA,NA
"NA.268",NA,NA,NA,NA
"NA.269",NA,NA,NA,NA
"NA.270",NA,NA,NA,NA
"NA.271",NA,NA,NA,NA
"NA.272",NA,NA,NA,NA
"NA.273",NA,NA,NA,NA
"NA.274",NA,NA,NA,NA
"NA.275",NA,NA,NA,NA
"NA.276",NA,NA,NA,NA
"NA.277",NA,NA,NA,NA
"NA.278",NA,NA,NA,NA
"NA.279",NA,NA,NA,NA
"NA.280",NA,NA,NA,NA
"NA.281",NA,NA,NA,NA
"NA.282",NA,NA,NA,NA
"NA.283",NA,NA,NA,NA
"NA.284",NA,NA,NA,NA
"NA.285",NA,NA,NA,NA
"NA.286",NA,NA,NA,NA
"NA.287",NA,NA,NA,NA
"NA.288",NA,NA,NA,NA
"NA.289",NA,NA,NA,NA
"NA.290",NA,NA,NA,NA
"NA.291",NA,NA,NA,NA
"NA.292",NA,NA,NA,NA
"NA.293",NA,NA,NA,NA
"NA.294",NA,NA,NA,NA
"NA.295",NA,NA,NA,NA
"NA.296",NA,NA,NA,NA
"NA.297",NA,NA,NA,NA
"NA.298",NA,NA,NA,NA
"NA.299",NA,NA,NA,NA
"NA.300",NA,NA,NA,NA
"NA.301",NA,NA,NA,NA
"NA.302",NA,NA,NA,NA
"NA.303",NA,NA,NA,NA
"NA.304",NA,NA,NA,NA
"NA.305",NA,NA,NA,NA
"NA.306",NA,NA,NA,NA
"NA.307",NA,NA,NA,NA
"NA.308",NA,NA,NA,NA
"NA.309",NA,NA,NA,NA
"NA.310",NA,NA,NA,NA
"NA.311",NA,NA,NA,NA
"NA.312",NA,NA,NA,NA
"NA.313",NA,NA,NA,NA
"NA.314",NA,NA,NA,NA
"NA.315",NA,NA,NA,NA
"NA.316",NA,NA,NA,NA
"NA.317",NA,NA,NA,NA
"NA.318",NA,NA,NA,NA
"NA.319",NA,NA,NA,NA
"NA.320",NA,NA,NA,NA
"NA.321",NA,NA,NA,NA
"NA.322",NA,NA,NA,NA
"NA.323",NA,NA,NA,NA
"NA.324",NA,NA,NA,NA
"NA.325",NA,NA,NA,NA
"NA.326",NA,NA,NA,NA
"NA.327",NA,NA,NA,NA
"NA.328",NA,NA,NA,NA
"NA.329",NA,NA,NA,NA
"NA.330",NA,NA,NA,NA
"NA.331",NA,NA,NA,NA
"NA.332",NA,NA,NA,NA
"NA.333",NA,NA,NA,NA
"NA.334",NA,NA,NA,NA
"NA.335",NA,NA,NA,NA
"NA.336",NA,NA,NA,NA
"NA.337",NA,NA,NA,NA
"NA.338",NA,NA,NA,NA
"NA.339",NA,NA,NA,NA
"NA.340",NA,NA,NA,NA
"NA.341",NA,NA,NA,NA
"NA.342",NA,NA,NA,NA
"NA.343",NA,NA,NA,NA
"NA.344",NA,NA,NA,NA
"NA.345",NA,NA,NA,NA
"NA.346",NA,NA,NA,NA
"NA.347",NA,NA,NA,NA
"NA.348",NA,NA,NA,NA
"NA.349",NA,NA,NA,NA
"NA.350",NA,NA,NA,NA
"NA.351",NA,NA,NA,NA
"NA.352",NA,NA,NA,NA
"NA.353",NA,NA,NA,NA
"NA.354",NA,NA,NA,NA
"NA.355",NA,NA,NA,NA
"NA.356",NA,NA,NA,NA
"NA.357",NA,NA,NA,NA
"NA.358",NA,NA,NA,NA
"NA.359",NA,NA,NA,NA
"NA.360",NA,NA,NA,NA
"NA.361",NA,NA,NA,NA
"NA.362",NA,NA,NA,NA
"NA.363",NA,NA,NA,NA
"NA.364",NA,NA,NA,NA
"NA.365",NA,NA,NA,NA
"NA.366",NA,NA,NA,NA
"NA.367",NA,NA,NA,NA
"NA.368",NA,NA,NA,NA
"NA.369",NA,NA,NA,NA
"NA.370",NA,NA,NA,NA
"NA.371",NA,NA,NA,NA
"NA.372",NA,NA,NA,NA
"NA.373",NA,NA,NA,NA
"NA.374",NA,NA,NA,NA
"NA.375",NA,NA,NA,NA
"NA.376",NA,NA,NA,NA
"NA.377",NA,NA,NA,NA
"NA.378",NA,NA,NA,NA
"NA.379",NA,NA,NA,NA
"NA.380",NA,NA,NA,NA
"NA.381",NA,NA,NA,NA
"NA.382",NA,NA,NA,NA
"NA.383",NA,NA,NA,NA
"NA.384",NA,NA,NA,NA
"NA.385",NA,NA,NA,NA
"NA.386",NA,NA,NA,NA
"NA.387",NA,NA,NA,NA
"NA.388",NA,NA,NA,NA
"NA.389",NA,NA,NA,NA
"NA.390",NA,NA,NA,NA
"NA.391",NA,NA,NA,NA
"NA.392",NA,NA,NA,NA
"NA.393",NA,NA,NA,NA
"NA.394",NA,NA,NA,NA
"NA.395",NA,NA,NA,NA
"NA.396",NA,NA,NA,NA
"NA.397",NA,NA,NA,NA
"NA.398",NA,NA,NA,NA
"NA.399",NA,NA,NA,NA
"NA.400",NA,NA,NA,NA
"NA.401",NA,NA,NA,NA
"NA.402",NA,NA,NA,NA
"NA.403",NA,NA,NA,NA
"NA.404",NA,NA,NA,NA
"NA.405",NA,NA,NA,NA
"NA.406",NA,NA,NA,NA
"NA.407",NA,NA,NA,NA
"NA.408",NA,NA,NA,NA
"NA.409",NA,NA,NA,NA
"NA.410",NA,NA,NA,NA
"NA.411",NA,NA,NA,NA
"NA.412",NA,NA,NA,NA
"NA.413",NA,NA,NA,NA
"NA.414",NA,NA,NA,NA
"NA.415",NA,NA,NA,NA
"NA.416",NA,NA,NA,NA
"NA.417",NA,NA,NA,NA
"NA.418",NA,NA,NA,NA
"NA.419",NA,NA,NA,NA
"NA.420",NA,NA,NA,NA
"NA.421",NA,NA,NA,NA
"NA.422",NA,NA,NA,NA
"NA.423",NA,NA,NA,NA
"NA.424",NA,NA,NA,NA
"NA.425",NA,NA,NA,NA
"NA.426",NA,NA,NA,NA
"NA.427",NA,NA,NA,NA
"NA.428",NA,NA,NA,NA
"NA.429",NA,NA,NA,NA
"NA.430",NA,NA,NA,NA
"NA.431",NA,NA,NA,NA
"NA.432",NA,NA,NA,NA
"NA.433",NA,NA,NA,NA
"NA.434",NA,NA,NA,NA
"NA.435",NA,NA,NA,NA
"NA.436",NA,NA,NA,NA
"NA.437",NA,NA,NA,NA
"NA.438",NA,NA,NA,NA
"NA.439",NA,NA,NA,NA
"NA.440",NA,NA,NA,NA
"NA.441",NA,NA,NA,NA
"NA.442",NA,NA,NA,NA
"NA.443",NA,NA,NA,NA
"NA.444",NA,NA,NA,NA
"NA.445",NA,NA,NA,NA
"NA.446",NA,NA,NA,NA
"NA.447",NA,NA,NA,NA
"NA.448",NA,NA,NA,NA
"NA.449",NA,NA,NA,NA
"NA.450",NA,NA,NA,NA
"NA.451",NA,NA,NA,NA
"NA.452",NA,NA,NA,NA
"NA.453",NA,NA,NA,NA
"NA.454",NA,NA,NA,NA
"NA.455",NA,NA,NA,NA
"NA.456",NA,NA,NA,NA
"NA.457",NA,NA,NA,NA
"NA.458",NA,NA,NA,NA
"NA.459",NA,NA,NA,NA
"NA.460",NA,NA,NA,NA
"NA.461",NA,NA,NA,NA
"NA.462",NA,NA,NA,NA
"NA.463",NA,NA,NA,NA
"NA.464",NA,NA,NA,NA
"NA.465",NA,NA,NA,NA
"NA.466",NA,NA,NA,NA
"NA.467",NA,NA,NA,NA
"NA.468",NA,NA,NA,NA
"NA.469",NA,NA,NA,NA
"NA.470",NA,NA,NA,NA
"NA.471",NA,NA,NA,NA
"NA.472",NA,NA,NA,NA
"NA.473",NA,NA,NA,NA
"NA.474",NA,NA,NA,NA
"NA.475",NA,NA,NA,NA
"NA.476",NA,NA,NA,NA
"NA.477",NA,NA,NA,NA
"NA.478",NA,NA,NA,NA
"NA.479",NA,NA,NA,NA
"NA.480",NA,NA,NA,NA
"NA.481",NA,NA,NA,NA
"NA.482",NA,NA,NA,NA
"NA.483",NA,NA,NA,NA
"NA.484",NA,NA,NA,NA
"NA.485",NA,NA,NA,NA
"NA.486",NA,NA,NA,NA
"NA.487",NA,NA,NA,NA
"NA.488",NA,NA,NA,NA
"NA.489",NA,NA,NA,NA
"NA.490",NA,NA,NA,NA
"NA.491",NA,NA,NA,NA
"NA.492",NA,NA,NA,NA
"NA.493",NA,NA,NA,NA
"NA.494",NA,NA,NA,NA
"NA.495",NA,NA,NA,NA
"NA.496",NA,NA,NA,NA
"NA.497",NA,NA,NA,NA
"NA.498",NA,NA,NA,NA
"NA.499",NA,NA,NA,NA
"NA.500",NA,NA,NA,NA
"NA.501",NA,NA,NA,NA
"NA.502",NA,NA,NA,NA
"NA.503",NA,NA,NA,NA
"NA.504",NA,NA,NA,NA
"NA.505",NA,NA,NA,NA
"NA.506",NA,NA,NA,NA
"NA.507",NA,NA,NA,NA
"NA.508",NA,NA,NA,NA
"NA.509",NA,NA,NA,NA
"NA.510",NA,NA,NA,NA
"NA.511",NA,NA,NA,NA
"NA.512",NA,NA,NA,NA
"NA.513",NA,NA,NA,NA
"NA.514",NA,NA,NA,NA
"NA.515",NA,NA,NA,NA
"NA.516",NA,NA,NA,NA
"NA.517",NA,NA,NA,NA
"NA.518",NA,NA,NA,NA
"NA.519",NA,NA,NA,NA
"NA.520",NA,NA,NA,NA
"NA.521",NA,NA,NA,NA
"NA.522",NA,NA,NA,NA
"NA.523",NA,NA,NA,NA
"NA.524",NA,NA,NA,NA
"NA.525",NA,NA,NA,NA
"NA.526",NA,NA,NA,NA
"NA.527",NA,NA,NA,NA
"NA.528",NA,NA,NA,NA
"NA.529",NA,NA,NA,NA
"NA.530",NA,NA,NA,NA
"NA.531",NA,NA,NA,NA
"NA.532",NA,NA,NA,NA
"NA.533",NA,NA,NA,NA
"NA.534",NA,NA,NA,NA
"NA.535",NA,NA,NA,NA
"NA.536",NA,NA,NA,NA
"NA.537",NA,NA,NA,NA
"NA.538",NA,NA,NA,NA
"NA.539",NA,NA,NA,NA
"NA.540",NA,NA,NA,NA
"NA.541",NA,NA,NA,NA
"NA.542",NA,NA,NA,NA
"NA.543",NA,NA,NA,NA
"NA.544",NA,NA,NA,NA
"NA.545",NA,NA,NA,NA
"NA.546",NA,NA,NA,NA
"NA.547",NA,NA,NA,NA
"NA.548",NA,NA,NA,NA
"NA.549",NA,NA,NA,NA
"NA.550",NA,NA,NA,NA
"NA.551",NA,NA,NA,NA
"NA.552",NA,NA,NA,NA
"NA.553",NA,NA,NA,NA
"NA.554",NA,NA,NA,NA
"NA.555",NA,NA,NA,NA
"NA.556",NA,NA,NA,NA
"NA.557",NA,NA,NA,NA
"NA.558",NA,NA,NA,NA
"NA.559",NA,NA,NA,NA
"NA.560",NA,NA,NA,NA
"NA.561",NA,NA,NA,NA
"NA.562",NA,NA,NA,NA
"NA.563",NA,NA,NA,NA
"NA.564",NA,NA,NA,NA
"NA.565",NA,NA,NA,NA
"NA.566",NA,NA,NA,NA
"NA.567",NA,NA,NA,NA
"NA.568",NA,NA,NA,NA
"NA.569",NA,NA,NA,NA
"NA.570",NA,NA,NA,NA
"NA.571",NA,NA,NA,NA
"NA.572",NA,NA,NA,NA
"NA.573",NA,NA,NA,NA
"NA.574",NA,NA,NA,NA
"NA.575",NA,NA,NA,NA
"NA.576",NA,NA,NA,NA
"NA.577",NA,NA,NA,NA
"NA.578",NA,NA,NA,NA
"NA.579",NA,NA,NA,NA
"NA.580",NA,NA,NA,NA
"NA.581",NA,NA,NA,NA
"NA.582",NA,NA,NA,NA
"NA.583",NA,NA,NA,NA
"NA.584",NA,NA,NA,NA
"NA.585",NA,NA,NA,NA
"NA.586",NA,NA,NA,NA
"NA.587",NA,NA,NA,NA
"NA.588",NA,NA,NA,NA
"NA.589",NA,NA,NA,NA
"NA.590",NA,NA,NA,NA
"NA.591",NA,NA,NA,NA
"NA.592",NA,NA,NA,NA
"NA.593",NA,NA,NA,NA
"NA.594",NA,NA,NA,NA
"NA.595",NA,NA,NA,NA
"NA.596",NA,NA,NA,NA
"NA.597",NA,NA,NA,NA
"NA.598",NA,NA,NA,NA
"NA.599",NA,NA,NA,NA
"NA.600",NA,NA,NA,NA
"NA.601",NA,NA,NA,NA
"NA.602",NA,NA,NA,NA
"NA.603",NA,NA,NA,NA
"NA.604",NA,NA,NA,NA
"NA.605",NA,NA,NA,NA
"NA.606",NA,NA,NA,NA
"NA.607",NA,NA,NA,NA
"NA.608",NA,NA,NA,NA
"NA.609",NA,NA,NA,NA
"NA.610",NA,NA,NA,NA
"NA.611",NA,NA,NA,NA
"NA.612",NA,NA,NA,NA
"NA.613",NA,NA,NA,NA
"NA.614",NA,NA,NA,NA
"NA.615",NA,NA,NA,NA
"NA.616",NA,NA,NA,NA
"NA.617",NA,NA,NA,NA
"NA.618",NA,NA,NA,NA
"NA.619",NA,NA,NA,NA
"NA.620",NA,NA,NA,NA
"NA.621",NA,NA,NA,NA
"NA.622",NA,NA,NA,NA
"NA.623",NA,NA,NA,NA
"NA.624",NA,NA,NA,NA
"NA.625",NA,NA,NA,NA
"NA.626",NA,NA,NA,NA
"NA.627",NA,NA,NA,NA
"NA.628",NA,NA,NA,NA
"NA.629",NA,NA,NA,NA
"NA.630",NA,NA,NA,NA
"NA.631",NA,NA,NA,NA
"NA.632",NA,NA,NA,NA
"NA.633",NA,NA,NA,NA
"NA.634",NA,NA,NA,NA
"NA.635",NA,NA,NA,NA
"NA.636",NA,NA,NA,NA
"NA.637",NA,NA,NA,NA
"NA.638",NA,NA,NA,NA
"NA.639",NA,NA,NA,NA
"NA.640",NA,NA,NA,NA
"NA.641",NA,NA,NA,NA
"NA.642",NA,NA,NA,NA
"NA.643",NA,NA,NA,NA
"NA.644",NA,NA,NA,NA
"NA.645",NA,NA,NA,NA
"NA.646",NA,NA,NA,NA
"NA.647",NA,NA,NA,NA
"NA.648",NA,NA,NA,NA
"NA.649",NA,NA,NA,NA
"NA.650",NA,NA,NA,NA
"NA.651",NA,NA,NA,NA
"NA.652",NA,NA,NA,NA
"NA.653",NA,NA,NA,NA
"NA.654",NA,NA,NA,NA
"NA.655",NA,NA,NA,NA
"NA.656",NA,NA,NA,NA
"NA.657",NA,NA,NA,NA
"NA.658",NA,NA,NA,NA
"NA.659",NA,NA,NA,NA
"NA.660",NA,NA,NA,NA
"NA.661",NA,NA,NA,NA
"NA.662",NA,NA,NA,NA
"NA.663",NA,NA,NA,NA
"NA.664",NA,NA,NA,NA
"NA.665",NA,NA,NA,NA
"NA.666",NA,NA,NA,NA
"NA.667",NA,NA,NA,NA
"NA.668",NA,NA,NA,NA
"NA.669",NA,NA,NA,NA
"NA.670",NA,NA,NA,NA
"NA.671",NA,NA,NA,NA
"NA.672",NA,NA,NA,NA
"NA.673",NA,NA,NA,NA
"NA.674",NA,NA,NA,NA
"NA.675",NA,NA,NA,NA
"NA.676",NA,NA,NA,NA
"NA.677",NA,NA,NA,NA
"NA.678",NA,NA,NA,NA
"NA.679",NA,NA,NA,NA
"NA.680",NA,NA,NA,NA
"NA.681",NA,NA,NA,NA
"NA.682",NA,NA,NA,NA
"NA.683",NA,NA,NA,NA
"NA.684",NA,NA,NA,NA
"NA.685",NA,NA,NA,NA
"NA.686",NA,NA,NA,NA
"NA.687",NA,NA,NA,NA
"NA.688",NA,NA,NA,NA
"NA.689",NA,NA,NA,NA
"NA.690",NA,NA,NA,NA
"NA.691",NA,NA,NA,NA
"NA.692",NA,NA,NA,NA
"NA.693",NA,NA,NA,NA
"NA.694",NA,NA,NA,NA
"NA.695",NA,NA,NA,NA
"NA.696",NA,NA,NA,NA
"NA.697",NA,NA,NA,NA
"NA.698",NA,NA,NA,NA
"NA.699",NA,NA,NA,NA
"NA.700",NA,NA,NA,NA
"NA.701",NA,NA,NA,NA
"NA.702",NA,NA,NA,NA
"NA.703",NA,NA,NA,NA
"NA.704",NA,NA,NA,NA
"NA.705",NA,NA,NA,NA
"NA.706",NA,NA,NA,NA
"NA.707",NA,NA,NA,NA
"NA.708",NA,NA,NA,NA
"NA.709",NA,NA,NA,NA
"NA.710",NA,NA,NA,NA
"NA.711",NA,NA,NA,NA
"NA.712",NA,NA,NA,NA
"NA.713",NA,NA,NA,NA
"NA.714",NA,NA,NA,NA
"NA.715",NA,NA,NA,NA
"NA.716",NA,NA,NA,NA
"NA.717",NA,NA,NA,NA
"NA.718",NA,NA,NA,NA
"NA.719",NA,NA,NA,NA
"NA.720",NA,NA,NA,NA
"NA.721",NA,NA,NA,NA
"NA.722",NA,NA,NA,NA
"NA.723",NA,NA,NA,NA
"NA.724",NA,NA,NA,NA
"NA.725",NA,NA,NA,NA
"NA.726",NA,NA,NA,NA
"NA.727",NA,NA,NA,NA
"NA.728",NA,NA,NA,NA
"NA.729",NA,NA,NA,NA
"NA.730",NA,NA,NA,NA
"NA.731",NA,NA,NA,NA
"NA.732",NA,NA,NA,NA
"NA.733",NA,NA,NA,NA
"NA.734",NA,NA,NA,NA
"NA.735",NA,NA,NA,NA
"NA.736",NA,NA,NA,NA
"NA.737",NA,NA,NA,NA
"NA.738",NA,NA,NA,NA
"NA.739",NA,NA,NA,NA
"NA.740",NA,NA,NA,NA
"NA.741",NA,NA,NA,NA
"NA.742",NA,NA,NA,NA
"NA.743",NA,NA,NA,NA
"NA.744",NA,NA,NA,NA
"NA.745",NA,NA,NA,NA
"NA.746",NA,NA,NA,NA
"NA.747",NA,NA,NA,NA
"NA.748",NA,NA,NA,NA
"NA.749",NA,NA,NA,NA
"NA.750",NA,NA,NA,NA
"NA.751",NA,NA,NA,NA
"NA.752",NA,NA,NA,NA
"NA.753",NA,NA,NA,NA
"NA.754",NA,NA,NA,NA
"NA.755",NA,NA,NA,NA
"NA.756",NA,NA,NA,NA
"NA.757",NA,NA,NA,NA
"NA.758",NA,NA,NA,NA
"NA.759",NA,NA,NA,NA
"NA.760",NA,NA,NA,NA
"NA.761",NA,NA,NA,NA
"NA.762",NA,NA,NA,NA
"NA.763",NA,NA,NA,NA
"NA.764",NA,NA,NA,NA
"NA.765",NA,NA,NA,NA
"NA.766",NA,NA,NA,NA
"NA.767",NA,NA,NA,NA
"NA.768",NA,NA,NA,NA
"NA.769",NA,NA,NA,NA
"NA.770",NA,NA,NA,NA
"NA.771",NA,NA,NA,NA
"NA.772",NA,NA,NA,NA
"NA.773",NA,NA,NA,NA
"NA.774",NA,NA,NA,NA
"NA.775",NA,NA,NA,NA
"NA.776",NA,NA,NA,NA
"NA.777",NA,NA,NA,NA
"NA.778",NA,NA,NA,NA
"NA.779",NA,NA,NA,NA
"NA.780",NA,NA,NA,NA
"NA.781",NA,NA,NA,NA
"NA.782",NA,NA,NA,NA
"NA.783",NA,NA,NA,NA
"NA.784",NA,NA,NA,NA
"NA.785",NA,NA,NA,NA
"NA.786",NA,NA,NA,NA
"NA.787",NA,NA,NA,NA
"NA.788",NA,NA,NA,NA
"NA.789",NA,NA,NA,NA
"NA.790",NA,NA,NA,NA
"NA.791",NA,NA,NA,NA
"NA.792",NA,NA,NA,NA
"NA.793",NA,NA,NA,NA
"NA.794",NA,NA,NA,NA
"NA.795",NA,NA,NA,NA
"NA.796",NA,NA,NA,NA
"NA.797",NA,NA,NA,NA
"NA.798",NA,NA,NA,NA
"NA.799",NA,NA,NA,NA
"NA.800",NA,NA,NA,NA
"NA.801",NA,NA,NA,NA
"NA.802",NA,NA,NA,NA
"NA.803",NA,NA,NA,NA
"NA.804",NA,NA,NA,NA
"NA.805",NA,NA,NA,NA
"NA.806",NA,NA,NA,NA
"NA.807",NA,NA,NA,NA
"NA.808",NA,NA,NA,NA
"NA.809",NA,NA,NA,NA
"NA.810",NA,NA,NA,NA
"NA.811",NA,NA,NA,NA
"NA.812",NA,NA,NA,NA
"NA.813",NA,NA,NA,NA
"NA.814",NA,NA,NA,NA
"NA.815",NA,NA,NA,NA
"NA.816",NA,NA,NA,NA
"NA.817",NA,NA,NA,NA
"NA.818",NA,NA,NA,NA
"NA.819",NA,NA,NA,NA
"NA.820",NA,NA,NA,NA
"NA.821",NA,NA,NA,NA
"NA.822",NA,NA,NA,NA
"NA.823",NA,NA,NA,NA
"NA.824",NA,NA,NA,NA
"NA.825",NA,NA,NA,NA
"NA.826",NA,NA,NA,NA
"NA.827",NA,NA,NA,NA
"NA.828",NA,NA,NA,NA
"NA.829",NA,NA,NA,NA
"NA.830",NA,NA,NA,NA
"NA.831",NA,NA,NA,NA
"NA.832",NA,NA,NA,NA
"NA.833",NA,NA,NA,NA
"NA.834",NA,NA,NA,NA
"NA.835",NA,NA,NA,NA
"NA.836",NA,NA,NA,NA
"NA.837",NA,NA,NA,NA
"NA.838",NA,NA,NA,NA
"NA.839",NA,NA,NA,NA
"NA.840",NA,NA,NA,NA
"NA.841",NA,NA,NA,NA
"NA.842",NA,NA,NA,NA
"NA.843",NA,NA,NA,NA
"NA.844",NA,NA,NA,NA
"NA.845",NA,NA,NA,NA
"NA.846",NA,NA,NA,NA
"NA.847",NA,NA,NA,NA
"NA.848",NA,NA,NA,NA
"NA.849",NA,NA,NA,NA
"NA.850",NA,NA,NA,NA
"NA.851",NA,NA,NA,NA
"NA.852",NA,NA,NA,NA
"NA.853",NA,NA,NA,NA
"NA.854",NA,NA,NA,NA
"NA.855",NA,NA,NA,NA
"NA.856",NA,NA,NA,NA
"NA.857",NA,NA,NA,NA
"NA.858",NA,NA,NA,NA
"NA.859",NA,NA,NA,NA
"NA.860",NA,NA,NA,NA
"NA.861",NA,NA,NA,NA
"NA.862",NA,NA,NA,NA
"NA.863",NA,NA,NA,NA
"NA.864",NA,NA,NA,NA
"NA.865",NA,NA,NA,NA
"NA.866",NA,NA,NA,NA
"NA.867",NA,NA,NA,NA
"NA.868",NA,NA,NA,NA
"NA.869",NA,NA,NA,NA
"NA.870",NA,NA,NA,NA
"NA.871",NA,NA,NA,NA
"NA.872",NA,NA,NA,NA
"NA.873",NA,NA,NA,NA
"NA.874",NA,NA,NA,NA
"NA.875",NA,NA,NA,NA
"NA.876",NA,NA,NA,NA
"NA.877",NA,NA,NA,NA
"NA.878",NA,NA,NA,NA
"NA.879",NA,NA,NA,NA
"NA.880",NA,NA,NA,NA
"NA.881",NA,NA,NA,NA
"NA.882",NA,NA,NA,NA
"NA.883",NA,NA,NA,NA
"NA.884",NA,NA,NA,NA
"NA.885",NA,NA,NA,NA
"NA.886",NA,NA,NA,NA
"NA.887",NA,NA,NA,NA
"NA.888",NA,NA,NA,NA
"NA.889",NA,NA,NA,NA
"NA.890",NA,NA,NA,NA
"NA.891",NA,NA,NA,NA
"NA.892",NA,NA,NA,NA
"NA.893",NA,NA,NA,NA
"NA.894",NA,NA,NA,NA
"NA.895",NA,NA,NA,NA
"NA.896",NA,NA,NA,NA
"NA.897",NA,NA,NA,NA
"NA.898",NA,NA,NA,NA
"NA.899",NA,NA,NA,NA
"NA.900",NA,NA,NA,NA
"NA.901",NA,NA,NA,NA
"NA.902",NA,NA,NA,NA
"NA.903",NA,NA,NA,NA
"NA.904",NA,NA,NA,NA
"NA.905",NA,NA,NA,NA
"NA.906",NA,NA,NA,NA
"NA.907",NA,NA,NA,NA
"NA.908",NA,NA,NA,NA
"NA.909",NA,NA,NA,NA
"NA.910",NA,NA,NA,NA
"NA.911",NA,NA,NA,NA
"NA.912",NA,NA,NA,NA
"NA.913",NA,NA,NA,NA
"NA.914",NA,NA,NA,NA
"NA.915",NA,NA,NA,NA
"NA.916",NA,NA,NA,NA
"NA.917",NA,NA,NA,NA
"NA.918",NA,NA,NA,NA
"NA.919",NA,NA,NA,NA
"NA.920",NA,NA,NA,NA
"NA.921",NA,NA,NA,NA
"NA.922",NA,NA,NA,NA
"NA.923",NA,NA,NA,NA
"NA.924",NA,NA,NA,NA
"NA.925",NA,NA,NA,NA
"NA.926",NA,NA,NA,NA
"NA.927",NA,NA,NA,NA
"NA.928",NA,NA,NA,NA
"NA.929",NA,NA,NA,NA
"NA.930",NA,NA,NA,NA
"NA.931",NA,NA,NA,NA
"NA.932",NA,NA,NA,NA
"NA.933",NA,NA,NA,NA
"NA.934",NA,NA,NA,NA
"NA.935",NA,NA,NA,NA
"NA.936",NA,NA,NA,NA
"NA.937",NA,NA,NA,NA
"NA.938",NA,NA,NA,NA
"NA.939",NA,NA,NA,NA
"NA.940",NA,NA,NA,NA
"NA.941",NA,NA,NA,NA
"NA.942",NA,NA,NA,NA
"NA.943",NA,NA,NA,NA
"NA.944",NA,NA,NA,NA
"NA.945",NA,NA,NA,NA
"NA.946",NA,NA,NA,NA
"NA.947",NA,NA,NA,NA
"NA.948",NA,NA,NA,NA
"NA.949",NA,NA,NA,NA
"NA.950",NA,NA,NA,NA
"NA.951",NA,NA,NA,NA
"NA.952",NA,NA,NA,NA
"NA.953",NA,NA,NA,NA
"NA.954",NA,NA,NA,NA
"NA.955",NA,NA,NA,NA
"NA.956",NA,NA,NA,NA
"NA.957",NA,NA,NA,NA
"NA.958",NA,NA,NA,NA
"NA.959",NA,NA,NA,NA
"NA.960",NA,NA,NA,NA
"NA.961",NA,NA,NA,NA
"NA.962",NA,NA,NA,NA
"NA.963",NA,NA,NA,NA
"NA.964",NA,NA,NA,NA
"NA.965",NA,NA,NA,NA
"NA.966",NA,NA,NA,NA
"NA.967",NA,NA,NA,NA
"NA.968",NA,NA,NA,NA
"NA.969",NA,NA,NA,NA
"NA.970",NA,NA,NA,NA
"NA.971",NA,NA,NA,NA
"NA.972",NA,NA,NA,NA
"NA.973",NA,NA,NA,NA
"NA.974",NA,NA,NA,NA
"NA.975",NA,NA,NA,NA
"NA.976",NA,NA,NA,NA
"NA.977",NA,NA,NA,NA
"NA.978",NA,NA,NA,NA
"NA.979",NA,NA,NA,NA
"NA.980",NA,NA,NA,NA
"NA.981",NA,NA,NA,NA
"NA.982",NA,NA,NA,NA
"NA.983",NA,NA,NA,NA
"NA.984",NA,NA,NA,NA
"NA.985",NA,NA,NA,NA
"NA.986",NA,NA,NA,NA
"NA.987",NA,NA,NA,NA
"NA.988",NA,NA,NA,NA
"NA.989",NA,NA,NA,NA
"NA.990",NA,NA,NA,NA
"NA.991",NA,NA,NA,NA
"NA.992",NA,NA,NA,NA
"NA.993",NA,NA,NA,NA
"NA.994",NA,NA,NA,NA
"NA.995",NA,NA,NA,NA
"NA.996",NA,NA,NA,NA
"NA.997",NA,NA,NA,NA
"NA.998",NA,NA,NA,NA
"NA.999",NA,NA,NA,NA
"NA.1000",NA,NA,NA,NA
"NA.1001",NA,NA,NA,NA
"NA.1002",NA,NA,NA,NA
"NA.1003",NA,NA,NA,NA
"NA.1004",NA,NA,NA,NA
"NA.1005",NA,NA,NA,NA
"NA.1006",NA,NA,NA,NA
"NA.1007",NA,NA,NA,NA
"NA.1008",NA,NA,NA,NA
"NA.1009",NA,NA,NA,NA
"NA.1010",NA,NA,NA,NA
"NA.1011",NA,NA,NA,NA
"NA.1012",NA,NA,NA,NA
"NA.1013",NA,NA,NA,NA
"NA.1014",NA,NA,NA,NA
"NA.1015",NA,NA,NA,NA
"NA.1016",NA,NA,NA,NA
"NA.1017",NA,NA,NA,NA
"NA.1018",NA,NA,NA,NA
"NA.1019",NA,NA,NA,NA
"NA.1020",NA,NA,NA,NA
"NA.1021",NA,NA,NA,NA
"NA.1022",NA,NA,NA,NA
"NA.1023",NA,NA,NA,NA
"NA.1024",NA,NA,NA,NA
"NA.1025",NA,NA,NA,NA
"NA.1026",NA,NA,NA,NA
"NA.1027",NA,NA,NA,NA
"NA.1028",NA,NA,NA,NA
"NA.1029",NA,NA,NA,NA
"NA.1030",NA,NA,NA,NA
"NA.1031",NA,NA,NA,NA
"NA.1032",NA,NA,NA,NA
"NA.1033",NA,NA,NA,NA
"NA.1034",NA,NA,NA,NA
"NA.1035",NA,NA,NA,NA
"NA.1036",NA,NA,NA,NA
"NA.1037",NA,NA,NA,NA
"NA.1038",NA,NA,NA,NA
"NA.1039",NA,NA,NA,NA
"NA.1040",NA,NA,NA,NA
"NA.1041",NA,NA,NA,NA
"NA.1042",NA,NA,NA,NA
"NA.1043",NA,NA,NA,NA
"NA.1044",NA,NA,NA,NA
"NA.1045",NA,NA,NA,NA
"NA.1046",NA,NA,NA,NA
"NA.1047",NA,NA,NA,NA
"NA.1048",NA,NA,NA,NA
"NA.1049",NA,NA,NA,NA
"NA.1050",NA,NA,NA,NA
"NA.1051",NA,NA,NA,NA
"NA.1052",NA,NA,NA,NA
"NA.1053",NA,NA,NA,NA
"NA.1054",NA,NA,NA,NA
"NA.1055",NA,NA,NA,NA
"NA.1056",NA,NA,NA,NA
"NA.1057",NA,NA,NA,NA
"NA.1058",NA,NA,NA,NA
"NA.1059",NA,NA,NA,NA
"NA.1060",NA,NA,NA,NA
"NA.1061",NA,NA,NA,NA
"NA.1062",NA,NA,NA,NA
"NA.1063",NA,NA,NA,NA
"NA.1064",NA,NA,NA,NA
"NA.1065",NA,NA,NA,NA
"NA.1066",NA,NA,NA,NA
"NA.1067",NA,NA,NA,NA
"NA.1068",NA,NA,NA,NA
"NA.1069",NA,NA,NA,NA
"NA.1070",NA,NA,NA,NA
"NA.1071",NA,NA,NA,NA
"NA.1072",NA,NA,NA,NA
"NA.1073",NA,NA,NA,NA
"NA.1074",NA,NA,NA,NA
"NA.1075",NA,NA,NA,NA
"NA.1076",NA,NA,NA,NA
"NA.1077",NA,NA,NA,NA
"NA.1078",NA,NA,NA,NA
"NA.1079",NA,NA,NA,NA
"NA.1080",NA,NA,NA,NA
"NA.1081",NA,NA,NA,NA
"NA.1082",NA,NA,NA,NA
"NA.1083",NA,NA,NA,NA
"NA.1084",NA,NA,NA,NA
"NA.1085",NA,NA,NA,NA
"NA.1086",NA,NA,NA,NA
"NA.1087",NA,NA,NA,NA
"NA.1088",NA,NA,NA,NA
"NA.1089",NA,NA,NA,NA
"NA.1090",NA,NA,NA,NA
"NA.1091",NA,NA,NA,NA
"NA.1092",NA,NA,NA,NA
"NA.1093",NA,NA,NA,NA
"NA.1094",NA,NA,NA,NA
"NA.1095",NA,NA,NA,NA
"NA.1096",NA,NA,NA,NA
"NA.1097",NA,NA,NA,NA
